parameter_id,domain,parameter_name,value,unit,value_type,status,source,reference_source,formula_or_rule,rounding,notes
core.time.seconds_per_minute,core,Seconds per minute,60,seconds,constant,confirmed,GDD convention,"",fixed,"",基础时间单位
core.time.seconds_per_hour,core,Seconds per hour,3600,seconds,constant,confirmed,GDD convention,"",fixed,"",每小时收益换算
core.time.minutes_per_hour,core,Minutes per hour,60,minutes,constant,confirmed,GDD convention,"",fixed,"",时间显示换算
core.probability.percent_min,core,Minimum probability,0,percent,constant,confirmed,design convention,"",clamp range,"",概率下限
core.probability.percent_max,core,Maximum probability,100,percent,constant,confirmed,design convention,"",clamp range,"",概率上限
growth.pacing.qi_complete_hours,growth,Qi completion target,24,hours,target,confirmed,GDD,"",first day target,"",炼气圆满
growth.pacing.foundation_entry_hours,growth,Foundation entry target,48,hours,target,confirmed,GDD,"",second day target,"",进入筑基
growth.pacing.core_complete_hours,growth,Core completion target,168,hours,target,confirmed,GDD,"",one week target,"",金丹圆满
growth.realm.substage_count,growth,High-realm substage count,10,substage,policy,frozen_v1,洞天设计,"",each high realm is divided into ten equal XP pacing substages,integer,高阶境界小境界数量
growth.realm.high_tier_training_share,growth,High-realm passive training share,0.35,ratio,policy,frozen_v1,洞天设计,"",base training throughput allocated alongside expeditions,2dp,高阶境界被动练功吞吐占比
growth.cultivation.qi_target_xp,growth,Qi completion cultivation XP,100000,cultivation_xp,target,frozen_v1,洞天设计,"","",integer,炼气目标
growth.cultivation.foundation_target_xp,growth,Foundation entry cultivation XP,150000,cultivation_xp,target,frozen_v1,洞天设计,"","",integer,筑基目标
growth.cultivation.core_target_xp,growth,Core completion cultivation XP,350000,cultivation_xp,target,frozen_v1,洞天设计,"","",integer,金丹目标
growth.cultivation.qi_efficiency_multiplier,growth,Qi cultivation efficiency,0.9920634921,ratio,scalar,frozen_v1,洞天设计,"","","",V1参数
growth.cultivation.foundation_efficiency_multiplier,growth,Foundation cultivation efficiency,0.496031746,ratio,scalar,frozen_v1,洞天设计,"","","",V1参数
growth.cultivation.core_efficiency_multiplier,growth,Core cultivation efficiency,0.396825396,ratio,scalar,frozen_v1,洞天设计,"","","",V1参数
growth.cultivation.reference_scale,growth,Cultivation reference scale,1.0,ratio,scalar,frozen_v1,洞天设计,"",reference XP * scale,4dp,洞天修为参考标尺
growth.cultivation.qi_rate,growth,Qi average cultivation rate,4166.6666667,cultivation_xp_per_hour,derived,frozen_v1,洞天设计,"","","",V1参数
growth.cultivation.foundation_rate,growth,Foundation average cultivation rate,3125,cultivation_xp_per_hour,derived,frozen_v1,洞天设计,"","","",V1参数
growth.cultivation.core_rate,growth,Core average cultivation rate,2083.3333333,cultivation_xp_per_hour,derived,frozen_v1,洞天设计,"","","",V1参数
growth.cultivation.qi_segment_rate,growth,Qi segment cultivation rate,4166.6666667,cultivation_xp_per_hour,derived,frozen_v1,洞天设计,"","","",V1参数
growth.cultivation.foundation_segment_rate,growth,Foundation segment gross rate,2916.6666667,cultivation_xp_per_hour,derived,frozen_v1,洞天设计,"","","",V1参数
growth.cultivation.core_segment_rate,growth,Core segment gross rate,2250,cultivation_xp_per_hour,derived,frozen_v1,洞天设计,"","","",V1参数
building.training_room.base_interval,building,Training base interval,60,seconds,scalar,frozen_v1,洞天设计,"","","",V1参数
building.training_room.base_cultivation_xp,building,Training XP per action,70,cultivation_xp_per_action,scalar,frozen_v1,洞天设计,"","","",V1参数
building.training_room.base_actions_per_hour,building,Training actions per hour,60,actions_per_hour,derived,frozen_v1,洞天设计,"",3600 / base_interval,integer,V1参数
building.training_room.base_cultivation_rate,building,Training cultivation rate,4200,cultivation_xp_per_hour,derived,frozen_v1,洞天设计,"",xp * actions,integer,V1参数
building.training_room.level_speed_multiplier,building,Training room level speed multiplier,1.0,ratio,scalar,frozen_v1,洞天设计,"",level 1 baseline; higher levels use building.level.speed_multiplier,4dp,练功房等级基准倍率
building.alchemy_room.failure_chance,building,Alchemy failure chance,0,percent,probability,frozen_v1,洞天设计,"",V1 production is deterministic; no hidden loss,integer,炼丹生产不引入隐式失败
building.forge_room.failure_chance,building,Forge failure chance,0,percent,probability,frozen_v1,洞天设计,"",V1 production is deterministic; no hidden loss,integer,炼器生产不引入隐式失败
building.alchemy_room.base_interval,building,Alchemy base interval,30,seconds,scalar,frozen_v1,洞天设计,"","","",V1参数
building.alchemy_room.output_per_action,building,Alchemy output per action,1,pill_per_batch,scalar,frozen_v1,洞天设计,"","","",V1参数
building.forge_room.base_interval,building,Forge base interval,60,seconds,scalar,frozen_v1,洞天设计,"","","",V1参数
building.forge_room.output_per_action,building,Forge output per action,1,equipment,scalar,frozen_v1,洞天设计,"","","",V1参数
building.production.modifier_order,building,Production modifier order,interval_then_quantity,policy,policy,frozen_v1,洞天设计,"","divide interval by building speed, then multiply output quantity modifiers",enum,生产 Modifier 应用顺序
building.production.rounding_policy,building,Production rounding policy,carry_fraction,policy,policy,frozen_v1,洞天设计,"",carry fractional action output across settlements; floor only executable whole actions,enum,生产小数余量结转规则
building.spirit_farm.base_growth_time,building,Farm growth time,7200,seconds,scalar,frozen_v1,洞天设计,"","","",V1参数
building.spirit_farm.plot_count,building,Farm plot count,4,plots,scalar,frozen_v1,洞天设计,"","","",V1参数
building.spirit_farm.herb_yield_per_plot,building,Farm herb yield per plot,120,spirit_herb,scalar,frozen_v1,洞天设计,"","","",V1参数
building.technique_pavilion.base_interval,building,Technique pavilion research interval,60,seconds,scalar,frozen_v1,洞天设计,"",one research action,integer,功法阁研究动作
building.technique_pavilion.research_xp_per_action,building,Technique pavilion research XP per action,70,cultivation_xp_per_action,scalar,frozen_v1,洞天设计,"",same as training action,integer,功法阁研究吞吐
building.upgrade.spirit_stone_base_cost.technique_pavilion,building,technique_pavilion upgrade base cost,1600,spirit_stone,cost,frozen_v1,洞天设计,"",building upgrade cost base,integer,功法阁升级
building.upgrade.spirit_stone_base_cost.treasure_pavilion,building,treasure_pavilion upgrade base cost,1800,spirit_stone,cost,frozen_v1,洞天设计,"",building upgrade cost base,integer,法宝阁升级
building.treasure_pavilion.token_multiplier_1,building,Treasure pavilion level 1 token multiplier,1.0,ratio,policy,frozen_v1,洞天设计,"",overflow token multiplier,4dp,法宝阁收藏印记倍率
building.treasure_pavilion.token_multiplier_2,building,Treasure pavilion level 2 token multiplier,1.1,ratio,policy,frozen_v1,洞天设计,"",overflow token multiplier,4dp,法宝阁收藏印记倍率
building.treasure_pavilion.token_multiplier_3,building,Treasure pavilion level 3 token multiplier,1.25,ratio,policy,frozen_v1,洞天设计,"",overflow token multiplier,4dp,法宝阁收藏印记倍率
building.treasure_pavilion.token_multiplier_4,building,Treasure pavilion level 4 token multiplier,1.5,ratio,policy,frozen_v1,洞天设计,"",overflow token multiplier,4dp,法宝阁收藏印记倍率
building.treasure_pavilion.token_multiplier_5,building,Treasure pavilion level 5 token multiplier,2.0,ratio,policy,frozen_v1,洞天设计,"",overflow token multiplier,4dp,法宝阁收藏印记倍率
building.level.max,building,Building maximum level,5,level,constant,frozen_v1,洞天设计,"","","",V1参数
building.level.speed_multiplier_1,building,Building level 1 speed multiplier,1,ratio,scalar,frozen_v1,洞天设计,"","","",V1参数
building.level.speed_multiplier_2,building,Building level 2 speed multiplier,1.1,ratio,scalar,frozen_v1,洞天设计,"","","",V1参数
building.level.speed_multiplier_3,building,Building level 3 speed multiplier,1.25,ratio,scalar,frozen_v1,洞天设计,"","","",V1参数
building.level.speed_multiplier_4,building,Building level 4 speed multiplier,1.45,ratio,scalar,frozen_v1,洞天设计,"","","",V1参数
building.level.speed_multiplier_5,building,Building level 5 speed multiplier,1.7,ratio,scalar,frozen_v1,洞天设计,"","","",V1参数
building.upgrade.cost_growth,building,Building upgrade cost growth,1.8,ratio,scalar,frozen_v1,洞天设计,"","","",V1参数
building.upgrade.spirit_stone_base_cost.training_room,building,training_room upgrade base cost,1000,spirit_stone,scalar,frozen_v1,洞天设计,"","","",V1参数
building.upgrade.spirit_stone_base_cost.alchemy_room,building,alchemy_room upgrade base cost,1200,spirit_stone,scalar,frozen_v1,洞天设计,"","","",V1参数
building.upgrade.spirit_stone_base_cost.forge_room,building,forge_room upgrade base cost,1500,spirit_stone,scalar,frozen_v1,洞天设计,"","","",V1参数
building.upgrade.spirit_stone_base_cost.spirit_farm,building,spirit_farm upgrade base cost,800,spirit_stone,scalar,frozen_v1,洞天设计,"","","",V1参数
recipe.alchemy_basic.herb_cost,recipe,Basic alchemy herb cost,2,spirit_herb_per_batch,scalar,frozen_v1,洞天设计,"","","",V1参数
recipe.alchemy_basic.stone_cost,recipe,Basic alchemy stone cost,1,spirit_stone_per_batch,scalar,frozen_v1,洞天设计,"","","",V1参数
recipe.alchemy_basic.output,recipe,Basic alchemy output,1,pill_per_batch,scalar,frozen_v1,洞天设计,"","","",V1参数
recipe.forge_basic.ore_cost,recipe,Basic forge ore cost,4,spirit_ore_per_item,scalar,frozen_v1,洞天设计,"","","",V1参数
recipe.forge_basic.wood_cost,recipe,Basic forge wood cost,2,spirit_wood_per_item,scalar,frozen_v1,洞天设计,"","","",V1参数
recipe.forge_basic.stone_cost,recipe,Basic forge stone cost,2,spirit_stone_per_item,scalar,frozen_v1,洞天设计,"","","",V1参数
recipe.forge_basic.output,recipe,Basic forge output,1,equipment,scalar,frozen_v1,洞天设计,"","","",V1参数
economy.currency.spirit_stone.unit_value,economy,Spirit stone reference unit value,1,value_points_per_spirit_stone,scalar,frozen_v1,洞天设计,"",one spirit stone is the internal value point numeraire,integer,灵石内部价值基准
economy.resource.spirit_wood.base_rate,economy,spirit_wood base rate,120,quantity_per_hour,scalar,frozen_v1,洞天设计,"","","",V1参数
economy.resource.spirit_ore.base_rate,economy,spirit_ore base rate,240,quantity_per_hour,scalar,frozen_v1,洞天设计,"","","",V1参数
economy.resource.spirit_herb.base_rate,economy,spirit_herb base rate,240,quantity_per_hour,scalar,frozen_v1,洞天设计,"","","",V1参数
economy.resource.spirit_stone.base_rate,economy,spirit_stone base rate,240,quantity_per_hour,scalar,frozen_v1,洞天设计,"","","",V1参数
breakthrough.qi_to_foundation.cultivation_cost,breakthrough,Qi to Foundation cultivation cost,20000,cultivation_xp,cost,frozen_v1,洞天设计,"","","",V1参数
breakthrough.qi_to_foundation.spirit_stone_cost,breakthrough,Qi to Foundation stone cost,5000,spirit_stone,cost,frozen_v1,洞天设计,"","","",V1参数
breakthrough.qi_to_foundation.pill_cost,breakthrough,Qi to Foundation pill cost,10,pill,cost,frozen_v1,洞天设计,"","","",V1参数
breakthrough.qi_to_foundation.scroll_cost,breakthrough,Qi to Foundation scroll cost,1,ancient_scroll,cost,frozen_v1,洞天设计,"","","",V1参数
breakthrough.foundation_to_core.cultivation_cost,breakthrough,Foundation to Core cultivation cost,70000,cultivation_xp,cost,frozen_v1,洞天设计,"","","",V1参数
breakthrough.foundation_to_core.spirit_stone_cost,breakthrough,Foundation to Core stone cost,20000,spirit_stone,cost,frozen_v1,洞天设计,"","","",V1参数
breakthrough.foundation_to_core.pill_cost,breakthrough,Foundation to Core pill cost,50,pill,cost,frozen_v1,洞天设计,"","","",V1参数
breakthrough.foundation_to_core.scroll_cost,breakthrough,Foundation to Core scroll cost,5,ancient_scroll,cost,frozen_v1,洞天设计,"","","",V1参数
breakthrough.qi_to_foundation.success_chance,breakthrough,Qi to Foundation success chance,100,percent,probability,frozen_v1,洞天设计,"","","",V1参数
breakthrough.foundation_to_core.success_chance,breakthrough,Foundation to Core success chance,100,percent,probability,frozen_v1,洞天设计,"","","",V1参数
breakthrough.attempt.failure_loss_percent,breakthrough,Breakthrough failure loss,0,percent,scalar,frozen_v1,洞天设计,"","","",V1参数
breakthrough.attempt.retry_cooldown,breakthrough,Breakthrough retry cooldown,0,seconds,scalar,frozen_v1,洞天设计,"","","",V1参数
breakthrough.core_to_nascent_soul.cultivation_cost,breakthrough,core to nascent_soul cultivation cost,227500,cultivation_xp,cost,frozen_v1,洞天设计,"",round((target_to - target_from) * 0.35),integer,高阶突破修为成本
breakthrough.core_to_nascent_soul.spirit_stone_cost,breakthrough,core to nascent_soul spirit_stone cost,50000,spirit_stone,cost,frozen_v1,洞天设计,"",base_cost * 4^transition_index,integer,高阶突破资源成本
breakthrough.core_to_nascent_soul.pill_cost,breakthrough,core to nascent_soul pill cost,200,pill,cost,frozen_v1,洞天设计,"",base_cost * 4^transition_index,integer,高阶突破资源成本
breakthrough.core_to_nascent_soul.ancient_scroll_cost,breakthrough,core to nascent_soul ancient_scroll cost,20,ancient_scroll,cost,frozen_v1,洞天设计,"",base_cost * 4^transition_index,integer,高阶突破资源成本
breakthrough.core_to_nascent_soul.demon_core_cost,breakthrough,core to nascent_soul demon_core cost,50,demon_core,cost,frozen_v1,洞天设计,"",base_cost * 4^transition_index,integer,高阶突破资源成本
breakthrough.core_to_nascent_soul.millennium_herb_cost,breakthrough,core to nascent_soul millennium_herb cost,100,millennium_herb,cost,frozen_v1,洞天设计,"",base_cost * 4^transition_index,integer,高阶突破资源成本
breakthrough.core_to_nascent_soul.meteor_iron_cost,breakthrough,core to nascent_soul meteor_iron cost,100,meteor_iron,cost,frozen_v1,洞天设计,"",base_cost * 4^transition_index,integer,高阶突破资源成本
breakthrough.nascent_soul_to_divine_transformation.cultivation_cost,breakthrough,nascent_soul to divine_transformation cultivation cost,700000,cultivation_xp,cost,frozen_v1,洞天设计,"",round((target_to - target_from) * 0.35),integer,高阶突破修为成本
breakthrough.nascent_soul_to_divine_transformation.spirit_stone_cost,breakthrough,nascent_soul to divine_transformation spirit_stone cost,200000,spirit_stone,cost,frozen_v1,洞天设计,"",base_cost * 4^transition_index,integer,高阶突破资源成本
breakthrough.nascent_soul_to_divine_transformation.pill_cost,breakthrough,nascent_soul to divine_transformation pill cost,800,pill,cost,frozen_v1,洞天设计,"",base_cost * 4^transition_index,integer,高阶突破资源成本
breakthrough.nascent_soul_to_divine_transformation.ancient_scroll_cost,breakthrough,nascent_soul to divine_transformation ancient_scroll cost,80,ancient_scroll,cost,frozen_v1,洞天设计,"",base_cost * 4^transition_index,integer,高阶突破资源成本
breakthrough.nascent_soul_to_divine_transformation.demon_core_cost,breakthrough,nascent_soul to divine_transformation demon_core cost,200,demon_core,cost,frozen_v1,洞天设计,"",base_cost * 4^transition_index,integer,高阶突破资源成本
breakthrough.nascent_soul_to_divine_transformation.millennium_herb_cost,breakthrough,nascent_soul to divine_transformation millennium_herb cost,400,millennium_herb,cost,frozen_v1,洞天设计,"",base_cost * 4^transition_index,integer,高阶突破资源成本
breakthrough.nascent_soul_to_divine_transformation.meteor_iron_cost,breakthrough,nascent_soul to divine_transformation meteor_iron cost,400,meteor_iron,cost,frozen_v1,洞天设计,"",base_cost * 4^transition_index,integer,高阶突破资源成本
breakthrough.divine_transformation_to_void_refining.cultivation_cost,breakthrough,divine_transformation to void_refining cultivation cost,2100000,cultivation_xp,cost,frozen_v1,洞天设计,"",round((target_to - target_from) * 0.35),integer,高阶突破修为成本
breakthrough.divine_transformation_to_void_refining.spirit_stone_cost,breakthrough,divine_transformation to void_refining spirit_stone cost,800000,spirit_stone,cost,frozen_v1,洞天设计,"",base_cost * 4^transition_index,integer,高阶突破资源成本
breakthrough.divine_transformation_to_void_refining.pill_cost,breakthrough,divine_transformation to void_refining pill cost,3200,pill,cost,frozen_v1,洞天设计,"",base_cost * 4^transition_index,integer,高阶突破资源成本
breakthrough.divine_transformation_to_void_refining.ancient_scroll_cost,breakthrough,divine_transformation to void_refining ancient_scroll cost,320,ancient_scroll,cost,frozen_v1,洞天设计,"",base_cost * 4^transition_index,integer,高阶突破资源成本
breakthrough.divine_transformation_to_void_refining.demon_core_cost,breakthrough,divine_transformation to void_refining demon_core cost,800,demon_core,cost,frozen_v1,洞天设计,"",base_cost * 4^transition_index,integer,高阶突破资源成本
breakthrough.divine_transformation_to_void_refining.millennium_herb_cost,breakthrough,divine_transformation to void_refining millennium_herb cost,1600,millennium_herb,cost,frozen_v1,洞天设计,"",base_cost * 4^transition_index,integer,高阶突破资源成本
breakthrough.divine_transformation_to_void_refining.meteor_iron_cost,breakthrough,divine_transformation to void_refining meteor_iron cost,1600,meteor_iron,cost,frozen_v1,洞天设计,"",base_cost * 4^transition_index,integer,高阶突破资源成本
breakthrough.void_refining_to_body_unity.cultivation_cost,breakthrough,void_refining to body_unity cultivation cost,6300000,cultivation_xp,cost,frozen_v1,洞天设计,"",round((target_to - target_from) * 0.35),integer,高阶突破修为成本
breakthrough.void_refining_to_body_unity.spirit_stone_cost,breakthrough,void_refining to body_unity spirit_stone cost,3200000,spirit_stone,cost,frozen_v1,洞天设计,"",base_cost * 4^transition_index,integer,高阶突破资源成本
breakthrough.void_refining_to_body_unity.pill_cost,breakthrough,void_refining to body_unity pill cost,12800,pill,cost,frozen_v1,洞天设计,"",base_cost * 4^transition_index,integer,高阶突破资源成本
breakthrough.void_refining_to_body_unity.ancient_scroll_cost,breakthrough,void_refining to body_unity ancient_scroll cost,1280,ancient_scroll,cost,frozen_v1,洞天设计,"",base_cost * 4^transition_index,integer,高阶突破资源成本
breakthrough.void_refining_to_body_unity.demon_core_cost,breakthrough,void_refining to body_unity demon_core cost,3200,demon_core,cost,frozen_v1,洞天设计,"",base_cost * 4^transition_index,integer,高阶突破资源成本
breakthrough.void_refining_to_body_unity.millennium_herb_cost,breakthrough,void_refining to body_unity millennium_herb cost,6400,millennium_herb,cost,frozen_v1,洞天设计,"",base_cost * 4^transition_index,integer,高阶突破资源成本
breakthrough.void_refining_to_body_unity.meteor_iron_cost,breakthrough,void_refining to body_unity meteor_iron cost,6400,meteor_iron,cost,frozen_v1,洞天设计,"",base_cost * 4^transition_index,integer,高阶突破资源成本
breakthrough.body_unity_to_great_vehicle.cultivation_cost,breakthrough,body_unity to great_vehicle cultivation cost,18900000,cultivation_xp,cost,frozen_v1,洞天设计,"",round((target_to - target_from) * 0.35),integer,高阶突破修为成本
breakthrough.body_unity_to_great_vehicle.spirit_stone_cost,breakthrough,body_unity to great_vehicle spirit_stone cost,12800000,spirit_stone,cost,frozen_v1,洞天设计,"",base_cost * 4^transition_index,integer,高阶突破资源成本
breakthrough.body_unity_to_great_vehicle.pill_cost,breakthrough,body_unity to great_vehicle pill cost,51200,pill,cost,frozen_v1,洞天设计,"",base_cost * 4^transition_index,integer,高阶突破资源成本
breakthrough.body_unity_to_great_vehicle.ancient_scroll_cost,breakthrough,body_unity to great_vehicle ancient_scroll cost,5120,ancient_scroll,cost,frozen_v1,洞天设计,"",base_cost * 4^transition_index,integer,高阶突破资源成本
breakthrough.body_unity_to_great_vehicle.demon_core_cost,breakthrough,body_unity to great_vehicle demon_core cost,12800,demon_core,cost,frozen_v1,洞天设计,"",base_cost * 4^transition_index,integer,高阶突破资源成本
breakthrough.body_unity_to_great_vehicle.millennium_herb_cost,breakthrough,body_unity to great_vehicle millennium_herb cost,25600,millennium_herb,cost,frozen_v1,洞天设计,"",base_cost * 4^transition_index,integer,高阶突破资源成本
breakthrough.body_unity_to_great_vehicle.meteor_iron_cost,breakthrough,body_unity to great_vehicle meteor_iron cost,25600,meteor_iron,cost,frozen_v1,洞天设计,"",base_cost * 4^transition_index,integer,高阶突破资源成本
breakthrough.great_vehicle_to_tribulation.cultivation_cost,breakthrough,great_vehicle to tribulation cultivation cost,56700000,cultivation_xp,cost,frozen_v1,洞天设计,"",round((target_to - target_from) * 0.35),integer,高阶突破修为成本
breakthrough.great_vehicle_to_tribulation.spirit_stone_cost,breakthrough,great_vehicle to tribulation spirit_stone cost,51200000,spirit_stone,cost,frozen_v1,洞天设计,"",base_cost * 4^transition_index,integer,高阶突破资源成本
breakthrough.great_vehicle_to_tribulation.pill_cost,breakthrough,great_vehicle to tribulation pill cost,204800,pill,cost,frozen_v1,洞天设计,"",base_cost * 4^transition_index,integer,高阶突破资源成本
breakthrough.great_vehicle_to_tribulation.ancient_scroll_cost,breakthrough,great_vehicle to tribulation ancient_scroll cost,20480,ancient_scroll,cost,frozen_v1,洞天设计,"",base_cost * 4^transition_index,integer,高阶突破资源成本
breakthrough.great_vehicle_to_tribulation.demon_core_cost,breakthrough,great_vehicle to tribulation demon_core cost,51200,demon_core,cost,frozen_v1,洞天设计,"",base_cost * 4^transition_index,integer,高阶突破资源成本
breakthrough.great_vehicle_to_tribulation.millennium_herb_cost,breakthrough,great_vehicle to tribulation millennium_herb cost,102400,millennium_herb,cost,frozen_v1,洞天设计,"",base_cost * 4^transition_index,integer,高阶突破资源成本
breakthrough.great_vehicle_to_tribulation.meteor_iron_cost,breakthrough,great_vehicle to tribulation meteor_iron cost,102400,meteor_iron,cost,frozen_v1,洞天设计,"",base_cost * 4^transition_index,integer,高阶突破资源成本
dungeon.high_tier.supply_window_ratio,dungeon,High-tier expedition supply window,0.75,ratio,policy,frozen_v1,洞天设计,"",usable transition time ratio,percent,高阶资源供给窗口
dungeon.high_tier.combat_mode,dungeon,High-tier combat contract mode,signature_only_v1,mode,policy,frozen_v1,洞天设计,"",full_v1 requires a complete six-realm combat contract,,"当前冻结包只启用 signature 技能；完整 Boss 战斗契约缺参时发布拒绝"
dungeon.high_tier.combat_pill_cost_included,dungeon,High-tier combat pill cost included in supply rate,1,boolean,policy,frozen_v1,洞天设计,"",all registered realms include boss budget,fixed,高阶资源供给已含已登记境界战斗丹药预算
dungeon.high_tier.boss_encounter_interval_hours,dungeon,High-tier Boss encounter interval,168,hours,policy,frozen_v1,洞天设计,"",one encounter per interval,integer,高阶 Boss 候选遭遇节奏
dungeon.high_tier.entry_gate.enabled,dungeon,High-tier entry profile gate,1,boolean,policy,frozen_v1,洞天设计,"",require collected P10 profile before high-tier Boss activity,fixed,高阶远征入口门槛开关
dungeon.high_tier.entry_gate.profile,dungeon,High-tier entry gate profile,collected_p10,profile,policy,frozen_v1,洞天设计,"",P10 collected-extension profile,enum,高阶远征入口门槛构筑
dungeon.high_tier.nascent_soul.boss_pill_budget_per_encounter,dungeon,nascent_soul high-tier Boss pill budget,47,pill,derived,frozen_v1,洞天设计,"",fixed-seed extension combat max pill budget,integer,高阶 Boss 候选单次丹药预算
dungeon.high_tier.nascent_soul.combat_pill_cost_included,dungeon,nascent_soul high-tier combat pill included,1,boolean,policy,frozen_v1,洞天设计,"",supply rate includes boss_pill_budget / encounter_interval,fixed,该境界高阶供给已含战斗丹药预算
dungeon.high_tier.nascent_soul.boss_failure_recovery_seconds,dungeon,nascent_soul high-tier Boss failure recovery,60,seconds,policy,frozen_v1,洞天设计,"",failed attempt cooldown,integer,高阶 Boss 失败恢复冷却
dungeon.high_tier.nascent_soul.boss_reward_on_failure,dungeon,nascent_soul reward on Boss failure,0,boolean,policy,frozen_v1,洞天设计,"",failure has no reward,fixed,高阶 Boss 失败不发奖励
dungeon.high_tier.nascent_soul.boss_pill_charge_on_failure,dungeon,nascent_soul pill charge on Boss failure,0,boolean,policy,frozen_v1,洞天设计,"",failure does not charge reserved pills,fixed,高阶 Boss 失败不扣丹药
dungeon.high_tier.nascent_soul.boss_pity_advance_on_failure,dungeon,nascent_soul pity advance on failure,0,boolean,policy,frozen_v1,洞天设计,"",failure does not advance pity,fixed,高阶 Boss 失败不推进保底
dungeon.high_tier.nascent_soul.boss_failure.state_revision_increment,dungeon,nascent_soul failure revision increment,1,revision,policy,frozen_v1,洞天设计,"",cooldown state is committed even without reward,integer,失败冷却状态版本递增
dungeon.high_tier.nascent_soul.boss_failure.require_expected_revision,dungeon,nascent_soul failure expected revision,1,boolean,policy,frozen_v1,洞天设计,"",CAS required for cross-device retry,fixed,跨设备失败重试必须带状态版本
dungeon.high_tier.nascent_soul.boss_failure.idempotent_attempt,dungeon,nascent_soul failed attempt idempotency,1,boolean,policy,frozen_v1,洞天设计,"",same attempt ID returns original failure,fixed,失败尝试 ID 幂等
dungeon.high_tier.nascent_soul.boss_natural_failure_rate,dungeon,nascent_soul natural Boss failure rate,0,percent,derived,frozen_v1,洞天设计,"",zero failures in fixed growth-profile survival sample,2dp,由逐秒成长档战斗样本推导的自然失败率
dungeon.high_tier.nascent_soul.boss_failure_stops_expedition,dungeon,nascent_soul failure stops expedition,0,boolean,policy,frozen_v1,洞天设计,"",failure recovery is local to encounter,fixed,高阶 Boss 失败不停止小时级远征供给
dungeon.high_tier.nascent_soul.boss_drop.ancient_scroll.chance,dungeon,nascent_soul Boss ancient scroll drop chance,100,percent,probability,frozen_v1,洞天设计,"",success-only independent drop,integer,高阶 Boss 独立古修残卷掉落概率
dungeon.high_tier.nascent_soul.boss_drop.ancient_scroll.amount,dungeon,nascent_soul Boss ancient scroll drop amount,1,ancient_scroll,derived,frozen_v1,洞天设计,"",realm scale * base amount,integer,高阶 Boss 独立古修残卷掉落数量
dungeon.high_tier.nascent_soul.boss_drop.demon_core.chance,dungeon,nascent_soul Boss demon core drop chance,100,percent,probability,frozen_v1,洞天设计,"",success-only independent drop,integer,高阶 Boss 独立妖丹掉落概率
dungeon.high_tier.nascent_soul.boss_drop.demon_core.amount,dungeon,nascent_soul Boss demon core drop amount,2,demon_core,derived,frozen_v1,洞天设计,"",realm scale * base amount,integer,高阶 Boss 独立妖丹掉落数量
dungeon.high_tier.nascent_soul.boss_drop.equipment.chance,dungeon,nascent_soul Boss equipment drop chance,20,percent,probability,frozen_v1,洞天设计,"",success-only independent equipment roll,integer,高阶 Boss 独立装备掉落概率
dungeon.high_tier.nascent_soul.boss_drop.equipment.amount,dungeon,nascent_soul Boss equipment drop amount,1,equipment,derived,frozen_v1,洞天设计,"",one equipment per successful roll,integer,高阶 Boss 独立装备掉落数量
dungeon.high_tier.nascent_soul.boss_drop.equipment.quality,dungeon,nascent_soul Boss equipment drop quality,rare,quality,constant,frozen_v1,洞天设计,"",fixed quality pool member,"",高阶 Boss 装备掉落品质
dungeon.high_tier.divine_transformation.boss_pill_budget_per_encounter,dungeon,divine_transformation high-tier Boss pill budget,28,pill,derived,frozen_v1,洞天设计,"",fixed-seed extension combat max pill budget,integer,高阶 Boss 候选单次丹药预算
dungeon.high_tier.divine_transformation.combat_pill_cost_included,dungeon,divine_transformation high-tier combat pill included,1,boolean,policy,frozen_v1,洞天设计,"",supply rate includes boss_pill_budget / encounter_interval,fixed,该境界高阶供给已含战斗丹药预算
dungeon.high_tier.divine_transformation.boss_failure_recovery_seconds,dungeon,divine_transformation high-tier Boss failure recovery,60,seconds,policy,frozen_v1,洞天设计,"",failed attempt cooldown,integer,高阶 Boss 失败恢复冷却
dungeon.high_tier.divine_transformation.boss_reward_on_failure,dungeon,divine_transformation reward on Boss failure,0,boolean,policy,frozen_v1,洞天设计,"",failure has no reward,fixed,高阶 Boss 失败不发奖励
dungeon.high_tier.divine_transformation.boss_pill_charge_on_failure,dungeon,divine_transformation pill charge on Boss failure,0,boolean,policy,frozen_v1,洞天设计,"",failure does not charge reserved pills,fixed,高阶 Boss 失败不扣丹药
dungeon.high_tier.divine_transformation.boss_pity_advance_on_failure,dungeon,divine_transformation pity advance on failure,0,boolean,policy,frozen_v1,洞天设计,"",failure does not advance pity,fixed,高阶 Boss 失败不推进保底
dungeon.high_tier.divine_transformation.boss_failure.state_revision_increment,dungeon,divine_transformation failure revision increment,1,revision,policy,frozen_v1,洞天设计,"",cooldown state is committed even without reward,integer,失败冷却状态版本递增
dungeon.high_tier.divine_transformation.boss_failure.require_expected_revision,dungeon,divine_transformation failure expected revision,1,boolean,policy,frozen_v1,洞天设计,"",CAS required for cross-device retry,fixed,跨设备失败重试必须带状态版本
dungeon.high_tier.divine_transformation.boss_failure.idempotent_attempt,dungeon,divine_transformation failed attempt idempotency,1,boolean,policy,frozen_v1,洞天设计,"",same attempt ID returns original failure,fixed,失败尝试 ID 幂等
dungeon.high_tier.divine_transformation.boss_natural_failure_rate,dungeon,divine_transformation natural Boss failure rate,0,percent,derived,frozen_v1,洞天设计,"",zero failures in fixed growth-profile survival sample,2dp,由逐秒成长档战斗样本推导的自然失败率
dungeon.high_tier.divine_transformation.boss_failure_stops_expedition,dungeon,divine_transformation failure stops expedition,0,boolean,policy,frozen_v1,洞天设计,"",failure recovery is local to encounter,fixed,高阶 Boss 失败不停止小时级远征供给
dungeon.high_tier.divine_transformation.boss_drop.ancient_scroll.chance,dungeon,divine_transformation Boss ancient scroll drop chance,100,percent,probability,frozen_v1,洞天设计,"",success-only independent drop,integer,高阶 Boss 独立古修残卷掉落概率
dungeon.high_tier.divine_transformation.boss_drop.ancient_scroll.amount,dungeon,divine_transformation Boss ancient scroll drop amount,2,ancient_scroll,derived,frozen_v1,洞天设计,"",realm scale * base amount,integer,高阶 Boss 独立古修残卷掉落数量
dungeon.high_tier.divine_transformation.boss_drop.demon_core.chance,dungeon,divine_transformation Boss demon core drop chance,100,percent,probability,frozen_v1,洞天设计,"",success-only independent drop,integer,高阶 Boss 独立妖丹掉落概率
dungeon.high_tier.divine_transformation.boss_drop.demon_core.amount,dungeon,divine_transformation Boss demon core drop amount,4,demon_core,derived,frozen_v1,洞天设计,"",realm scale * base amount,integer,高阶 Boss 独立妖丹掉落数量
dungeon.high_tier.divine_transformation.boss_drop.equipment.chance,dungeon,divine_transformation Boss equipment drop chance,20,percent,probability,frozen_v1,洞天设计,"",success-only independent equipment roll,integer,高阶 Boss 独立装备掉落概率
dungeon.high_tier.divine_transformation.boss_drop.equipment.amount,dungeon,divine_transformation Boss equipment drop amount,1,equipment,derived,frozen_v1,洞天设计,"",one equipment per successful roll,integer,高阶 Boss 独立装备掉落数量
dungeon.high_tier.divine_transformation.boss_drop.equipment.quality,dungeon,divine_transformation Boss equipment drop quality,rare,quality,constant,frozen_v1,洞天设计,"",fixed quality pool member,"",高阶 Boss 装备掉落品质
dungeon.high_tier.void_refining.boss_pill_budget_per_encounter,dungeon,void_refining high-tier Boss pill budget,1,pill,derived,frozen_v1,洞天设计,"",fixed-seed extension combat max pill budget,integer,高阶 Boss 候选单次丹药预算
dungeon.high_tier.void_refining.combat_pill_cost_included,dungeon,void_refining high-tier combat pill included,1,boolean,policy,frozen_v1,洞天设计,"",supply rate includes boss_pill_budget / encounter_interval,fixed,该境界高阶供给已含战斗丹药预算
dungeon.high_tier.void_refining.boss_failure_recovery_seconds,dungeon,void_refining high-tier Boss failure recovery,60,seconds,policy,frozen_v1,洞天设计,"",failed attempt cooldown,integer,高阶 Boss 失败恢复冷却
dungeon.high_tier.void_refining.boss_reward_on_failure,dungeon,void_refining reward on Boss failure,0,boolean,policy,frozen_v1,洞天设计,"",failure has no reward,fixed,高阶 Boss 失败不发奖励
dungeon.high_tier.void_refining.boss_pill_charge_on_failure,dungeon,void_refining pill charge on Boss failure,0,boolean,policy,frozen_v1,洞天设计,"",failure does not charge reserved pills,fixed,高阶 Boss 失败不扣丹药
dungeon.high_tier.void_refining.boss_pity_advance_on_failure,dungeon,void_refining pity advance on failure,0,boolean,policy,frozen_v1,洞天设计,"",failure does not advance pity,fixed,高阶 Boss 失败不推进保底
dungeon.high_tier.void_refining.boss_failure.state_revision_increment,dungeon,void_refining failure revision increment,1,revision,policy,frozen_v1,洞天设计,"",cooldown state is committed even without reward,integer,失败冷却状态版本递增
dungeon.high_tier.void_refining.boss_failure.require_expected_revision,dungeon,void_refining failure expected revision,1,boolean,policy,frozen_v1,洞天设计,"",CAS required for cross-device retry,fixed,跨设备失败重试必须带状态版本
dungeon.high_tier.void_refining.boss_failure.idempotent_attempt,dungeon,void_refining failed attempt idempotency,1,boolean,policy,frozen_v1,洞天设计,"",same attempt ID returns original failure,fixed,失败尝试 ID 幂等
dungeon.high_tier.void_refining.boss_natural_failure_rate,dungeon,void_refining natural Boss failure rate,0,percent,derived,frozen_v1,洞天设计,"",zero failures in fixed growth-profile survival sample,2dp,由逐秒成长档战斗样本推导的自然失败率
dungeon.high_tier.void_refining.boss_failure_stops_expedition,dungeon,void_refining failure stops expedition,0,boolean,policy,frozen_v1,洞天设计,"",failure recovery is local to encounter,fixed,高阶 Boss 失败不停止小时级远征供给
dungeon.high_tier.void_refining.boss_drop.ancient_scroll.chance,dungeon,void_refining Boss ancient scroll drop chance,100,percent,probability,frozen_v1,洞天设计,"",success-only independent drop,integer,高阶 Boss 独立古修残卷掉落概率
dungeon.high_tier.void_refining.boss_drop.ancient_scroll.amount,dungeon,void_refining Boss ancient scroll drop amount,4,ancient_scroll,derived,frozen_v1,洞天设计,"",realm scale * base amount,integer,高阶 Boss 独立古修残卷掉落数量
dungeon.high_tier.void_refining.boss_drop.demon_core.chance,dungeon,void_refining Boss demon core drop chance,100,percent,probability,frozen_v1,洞天设计,"",success-only independent drop,integer,高阶 Boss 独立妖丹掉落概率
dungeon.high_tier.void_refining.boss_drop.demon_core.amount,dungeon,void_refining Boss demon core drop amount,8,demon_core,derived,frozen_v1,洞天设计,"",realm scale * base amount,integer,高阶 Boss 独立妖丹掉落数量
dungeon.high_tier.void_refining.boss_drop.equipment.chance,dungeon,void_refining Boss equipment drop chance,20,percent,probability,frozen_v1,洞天设计,"",success-only independent equipment roll,integer,高阶 Boss 独立装备掉落概率
dungeon.high_tier.void_refining.boss_drop.equipment.amount,dungeon,void_refining Boss equipment drop amount,1,equipment,derived,frozen_v1,洞天设计,"",one equipment per successful roll,integer,高阶 Boss 独立装备掉落数量
dungeon.high_tier.void_refining.boss_drop.equipment.quality,dungeon,void_refining Boss equipment drop quality,epic,quality,constant,frozen_v1,洞天设计,"",fixed quality pool member,"",高阶 Boss 装备掉落品质
dungeon.high_tier.body_unity.boss_pill_budget_per_encounter,dungeon,body_unity high-tier Boss pill budget,1,pill,derived,frozen_v1,洞天设计,"",fixed-seed extension combat max pill budget,integer,高阶 Boss 候选单次丹药预算
dungeon.high_tier.body_unity.combat_pill_cost_included,dungeon,body_unity high-tier combat pill included,1,boolean,policy,frozen_v1,洞天设计,"",supply rate includes boss_pill_budget / encounter_interval,fixed,该境界高阶供给已含战斗丹药预算
dungeon.high_tier.body_unity.boss_failure_recovery_seconds,dungeon,body_unity high-tier Boss failure recovery,60,seconds,policy,frozen_v1,洞天设计,"",failed attempt cooldown,integer,高阶 Boss 失败恢复冷却
dungeon.high_tier.body_unity.boss_reward_on_failure,dungeon,body_unity reward on Boss failure,0,boolean,policy,frozen_v1,洞天设计,"",failure has no reward,fixed,高阶 Boss 失败不发奖励
dungeon.high_tier.body_unity.boss_pill_charge_on_failure,dungeon,body_unity pill charge on Boss failure,0,boolean,policy,frozen_v1,洞天设计,"",failure does not charge reserved pills,fixed,高阶 Boss 失败不扣丹药
dungeon.high_tier.body_unity.boss_pity_advance_on_failure,dungeon,body_unity pity advance on failure,0,boolean,policy,frozen_v1,洞天设计,"",failure does not advance pity,fixed,高阶 Boss 失败不推进保底
dungeon.high_tier.body_unity.boss_failure.state_revision_increment,dungeon,body_unity failure revision increment,1,revision,policy,frozen_v1,洞天设计,"",cooldown state is committed even without reward,integer,失败冷却状态版本递增
dungeon.high_tier.body_unity.boss_failure.require_expected_revision,dungeon,body_unity failure expected revision,1,boolean,policy,frozen_v1,洞天设计,"",CAS required for cross-device retry,fixed,跨设备失败重试必须带状态版本
dungeon.high_tier.body_unity.boss_failure.idempotent_attempt,dungeon,body_unity failed attempt idempotency,1,boolean,policy,frozen_v1,洞天设计,"",same attempt ID returns original failure,fixed,失败尝试 ID 幂等
dungeon.high_tier.body_unity.boss_natural_failure_rate,dungeon,body_unity natural Boss failure rate,0,percent,derived,frozen_v1,洞天设计,"",zero failures in fixed growth-profile survival sample,2dp,由逐秒成长档战斗样本推导的自然失败率
dungeon.high_tier.body_unity.boss_failure_stops_expedition,dungeon,body_unity failure stops expedition,0,boolean,policy,frozen_v1,洞天设计,"",failure recovery is local to encounter,fixed,高阶 Boss 失败不停止小时级远征供给
dungeon.high_tier.body_unity.boss_drop.ancient_scroll.chance,dungeon,body_unity Boss ancient scroll drop chance,100,percent,probability,frozen_v1,洞天设计,"",success-only independent drop,integer,高阶 Boss 独立古修残卷掉落概率
dungeon.high_tier.body_unity.boss_drop.ancient_scroll.amount,dungeon,body_unity Boss ancient scroll drop amount,8,ancient_scroll,derived,frozen_v1,洞天设计,"",realm scale * base amount,integer,高阶 Boss 独立古修残卷掉落数量
dungeon.high_tier.body_unity.boss_drop.demon_core.chance,dungeon,body_unity Boss demon core drop chance,100,percent,probability,frozen_v1,洞天设计,"",success-only independent drop,integer,高阶 Boss 独立妖丹掉落概率
dungeon.high_tier.body_unity.boss_drop.demon_core.amount,dungeon,body_unity Boss demon core drop amount,16,demon_core,derived,frozen_v1,洞天设计,"",realm scale * base amount,integer,高阶 Boss 独立妖丹掉落数量
dungeon.high_tier.body_unity.boss_drop.equipment.chance,dungeon,body_unity Boss equipment drop chance,20,percent,probability,frozen_v1,洞天设计,"",success-only independent equipment roll,integer,高阶 Boss 独立装备掉落概率
dungeon.high_tier.body_unity.boss_drop.equipment.amount,dungeon,body_unity Boss equipment drop amount,1,equipment,derived,frozen_v1,洞天设计,"",one equipment per successful roll,integer,高阶 Boss 独立装备掉落数量
dungeon.high_tier.body_unity.boss_drop.equipment.quality,dungeon,body_unity Boss equipment drop quality,epic,quality,constant,frozen_v1,洞天设计,"",fixed quality pool member,"",高阶 Boss 装备掉落品质
dungeon.high_tier.great_vehicle.boss_pill_budget_per_encounter,dungeon,great_vehicle high-tier Boss pill budget,1,pill,derived,frozen_v1,洞天设计,"",fixed-seed extension combat max pill budget,integer,高阶 Boss 候选单次丹药预算
dungeon.high_tier.great_vehicle.combat_pill_cost_included,dungeon,great_vehicle high-tier combat pill included,1,boolean,policy,frozen_v1,洞天设计,"",supply rate includes boss_pill_budget / encounter_interval,fixed,该境界高阶供给已含战斗丹药预算
dungeon.high_tier.great_vehicle.boss_failure_recovery_seconds,dungeon,great_vehicle high-tier Boss failure recovery,60,seconds,policy,frozen_v1,洞天设计,"",failed attempt cooldown,integer,高阶 Boss 失败恢复冷却
dungeon.high_tier.great_vehicle.boss_reward_on_failure,dungeon,great_vehicle reward on Boss failure,0,boolean,policy,frozen_v1,洞天设计,"",failure has no reward,fixed,高阶 Boss 失败不发奖励
dungeon.high_tier.great_vehicle.boss_pill_charge_on_failure,dungeon,great_vehicle pill charge on Boss failure,0,boolean,policy,frozen_v1,洞天设计,"",failure does not charge reserved pills,fixed,高阶 Boss 失败不扣丹药
dungeon.high_tier.great_vehicle.boss_pity_advance_on_failure,dungeon,great_vehicle pity advance on failure,0,boolean,policy,frozen_v1,洞天设计,"",failure does not advance pity,fixed,高阶 Boss 失败不推进保底
dungeon.high_tier.great_vehicle.boss_failure.state_revision_increment,dungeon,great_vehicle failure revision increment,1,revision,policy,frozen_v1,洞天设计,"",cooldown state is committed even without reward,integer,失败冷却状态版本递增
dungeon.high_tier.great_vehicle.boss_failure.require_expected_revision,dungeon,great_vehicle failure expected revision,1,boolean,policy,frozen_v1,洞天设计,"",CAS required for cross-device retry,fixed,跨设备失败重试必须带状态版本
dungeon.high_tier.great_vehicle.boss_failure.idempotent_attempt,dungeon,great_vehicle failed attempt idempotency,1,boolean,policy,frozen_v1,洞天设计,"",same attempt ID returns original failure,fixed,失败尝试 ID 幂等
dungeon.high_tier.great_vehicle.boss_natural_failure_rate,dungeon,great_vehicle natural Boss failure rate,0,percent,derived,frozen_v1,洞天设计,"",zero failures in fixed growth-profile survival sample,2dp,由逐秒成长档战斗样本推导的自然失败率
dungeon.high_tier.great_vehicle.boss_failure_stops_expedition,dungeon,great_vehicle failure stops expedition,0,boolean,policy,frozen_v1,洞天设计,"",failure recovery is local to encounter,fixed,高阶 Boss 失败不停止小时级远征供给
dungeon.high_tier.great_vehicle.boss_drop.ancient_scroll.chance,dungeon,great_vehicle Boss ancient scroll drop chance,100,percent,probability,frozen_v1,洞天设计,"",success-only independent drop,integer,高阶 Boss 独立古修残卷掉落概率
dungeon.high_tier.great_vehicle.boss_drop.ancient_scroll.amount,dungeon,great_vehicle Boss ancient scroll drop amount,16,ancient_scroll,derived,frozen_v1,洞天设计,"",realm scale * base amount,integer,高阶 Boss 独立古修残卷掉落数量
dungeon.high_tier.great_vehicle.boss_drop.demon_core.chance,dungeon,great_vehicle Boss demon core drop chance,100,percent,probability,frozen_v1,洞天设计,"",success-only independent drop,integer,高阶 Boss 独立妖丹掉落概率
dungeon.high_tier.great_vehicle.boss_drop.demon_core.amount,dungeon,great_vehicle Boss demon core drop amount,32,demon_core,derived,frozen_v1,洞天设计,"",realm scale * base amount,integer,高阶 Boss 独立妖丹掉落数量
dungeon.high_tier.great_vehicle.boss_drop.equipment.chance,dungeon,great_vehicle Boss equipment drop chance,20,percent,probability,frozen_v1,洞天设计,"",success-only independent equipment roll,integer,高阶 Boss 独立装备掉落概率
dungeon.high_tier.great_vehicle.boss_drop.equipment.amount,dungeon,great_vehicle Boss equipment drop amount,1,equipment,derived,frozen_v1,洞天设计,"",one equipment per successful roll,integer,高阶 Boss 独立装备掉落数量
dungeon.high_tier.great_vehicle.boss_drop.equipment.quality,dungeon,great_vehicle Boss equipment drop quality,legendary,quality,constant,frozen_v1,洞天设计,"",fixed quality pool member,"",高阶 Boss 装备掉落品质
dungeon.high_tier.tribulation.boss_pill_budget_per_encounter,dungeon,tribulation high-tier Boss pill budget,1,pill,derived,frozen_v1,洞天设计,"",fixed-seed extension combat max pill budget,integer,高阶 Boss 候选单次丹药预算
dungeon.high_tier.tribulation.combat_pill_cost_included,dungeon,tribulation high-tier combat pill included,1,boolean,policy,frozen_v1,洞天设计,"",supply rate includes boss_pill_budget / encounter_interval,fixed,该境界高阶供给已含战斗丹药预算
dungeon.high_tier.tribulation.boss_failure_recovery_seconds,dungeon,tribulation high-tier Boss failure recovery,60,seconds,policy,frozen_v1,洞天设计,"",failed attempt cooldown,integer,高阶 Boss 失败恢复冷却
dungeon.high_tier.tribulation.boss_reward_on_failure,dungeon,tribulation reward on Boss failure,0,boolean,policy,frozen_v1,洞天设计,"",failure has no reward,fixed,高阶 Boss 失败不发奖励
dungeon.high_tier.tribulation.boss_pill_charge_on_failure,dungeon,tribulation pill charge on Boss failure,0,boolean,policy,frozen_v1,洞天设计,"",failure does not charge reserved pills,fixed,高阶 Boss 失败不扣丹药
dungeon.high_tier.tribulation.boss_pity_advance_on_failure,dungeon,tribulation pity advance on failure,0,boolean,policy,frozen_v1,洞天设计,"",failure does not advance pity,fixed,高阶 Boss 失败不推进保底
dungeon.high_tier.tribulation.boss_failure.state_revision_increment,dungeon,tribulation failure revision increment,1,revision,policy,frozen_v1,洞天设计,"",cooldown state is committed even without reward,integer,失败冷却状态版本递增
dungeon.high_tier.tribulation.boss_failure.require_expected_revision,dungeon,tribulation failure expected revision,1,boolean,policy,frozen_v1,洞天设计,"",CAS required for cross-device retry,fixed,跨设备失败重试必须带状态版本
dungeon.high_tier.tribulation.boss_failure.idempotent_attempt,dungeon,tribulation failed attempt idempotency,1,boolean,policy,frozen_v1,洞天设计,"",same attempt ID returns original failure,fixed,失败尝试 ID 幂等
dungeon.high_tier.tribulation.boss_natural_failure_rate,dungeon,tribulation natural Boss failure rate,0,percent,derived,frozen_v1,洞天设计,"",zero failures in fixed growth-profile survival sample,2dp,由逐秒成长档战斗样本推导的自然失败率
dungeon.high_tier.tribulation.boss_failure_stops_expedition,dungeon,tribulation failure stops expedition,0,boolean,policy,frozen_v1,洞天设计,"",failure recovery is local to encounter,fixed,高阶 Boss 失败不停止小时级远征供给
dungeon.high_tier.tribulation.boss_drop.ancient_scroll.chance,dungeon,tribulation Boss ancient scroll drop chance,100,percent,probability,frozen_v1,洞天设计,"",success-only independent drop,integer,高阶 Boss 独立古修残卷掉落概率
dungeon.high_tier.tribulation.boss_drop.ancient_scroll.amount,dungeon,tribulation Boss ancient scroll drop amount,32,ancient_scroll,derived,frozen_v1,洞天设计,"",realm scale * base amount,integer,高阶 Boss 独立古修残卷掉落数量
dungeon.high_tier.tribulation.boss_drop.demon_core.chance,dungeon,tribulation Boss demon core drop chance,100,percent,probability,frozen_v1,洞天设计,"",success-only independent drop,integer,高阶 Boss 独立妖丹掉落概率
dungeon.high_tier.tribulation.boss_drop.demon_core.amount,dungeon,tribulation Boss demon core drop amount,64,demon_core,derived,frozen_v1,洞天设计,"",realm scale * base amount,integer,高阶 Boss 独立妖丹掉落数量
dungeon.high_tier.tribulation.boss_drop.equipment.chance,dungeon,tribulation Boss equipment drop chance,20,percent,probability,frozen_v1,洞天设计,"",success-only independent equipment roll,integer,高阶 Boss 独立装备掉落概率
dungeon.high_tier.tribulation.boss_drop.equipment.amount,dungeon,tribulation Boss equipment drop amount,1,equipment,derived,frozen_v1,洞天设计,"",one equipment per successful roll,integer,高阶 Boss 独立装备掉落数量
dungeon.high_tier.tribulation.boss_drop.equipment.quality,dungeon,tribulation Boss equipment drop quality,legendary,quality,constant,frozen_v1,洞天设计,"",fixed quality pool member,"",高阶 Boss 装备掉落品质
schedule.long_horizon.thirty_day_hours,schedule,Thirty-day simulation horizon,720,hours,target,frozen_v1,洞天设计,"",30 * 24,integer,30天轮换验证窗口
schedule.long_horizon.ninety_day_hours,schedule,Ninety-day simulation horizon,2160,hours,target,frozen_v1,洞天设计,"",90 * 24,integer,90天轮换验证窗口
schedule.rotation.support_share,schedule,Support activity share,0.25,ratio,derived,frozen_v1,洞天设计,"",1 - high_tier_supply_window_ratio,percent,高阶远征以外的轮换时段
schedule.equipment.support_policy,schedule,Equipment support route policy,qing_90d_then_black,policy,policy,frozen_v1,洞天设计,"","qing_feng through 90d, then black_wind_valley",enum,装备路线候选策略：90天前清风，之后黑风
schedule.equipment.exit_policy,schedule,Equipment exit policy,retain_rare,policy,policy,frozen_v1,洞天设计,"","normal/fine salvage, rare+ sale with affix-adjusted expected price",enum,装备出口候选策略
schedule.equipment.progression_reserve,schedule,Equipment progression duplicate reserve,1,boolean,policy,frozen_v1,洞天设计,"",retain one duplicate at current canonical quality before salvage,fixed,仓库满载时优先保留升品所需重复装备
schedule.priority.breakthrough_first,schedule,Breakthrough payment priority,1,boolean,policy,frozen_v1,洞天设计,"",pay at milestone before optional activity,fixed,库存优先级：突破先于可选活动
schedule.priority.resource_reserve,schedule,Resource reserve priority,1,boolean,policy,frozen_v1,洞天设计,"",reserve next breakthrough and queued upgrade costs before production,fixed,生产只能消耗预留之外资源；升级批次原子支付
schedule.random_event.roll_interval_hours,schedule,Random event roll interval,168,hours,policy,frozen_v1,洞天设计,"",one mutually-exclusive event roll per interval,integer,随机事件周期间隔
schedule.random_event.max_active,schedule,Maximum simultaneous random events,1,count,policy,frozen_v1,洞天设计,"",events in one interval do not stack,integer,随机事件并发上限
schedule.random_event.spirit_tide.chance,schedule,spirit_tide chance per roll,20,percent,probability,frozen_v1,洞天设计,"",mutually-exclusive roll,integer,随机事件触发概率
schedule.random_event.spirit_tide.duration_hours,schedule,spirit_tide duration,6,hours,scalar,frozen_v1,洞天设计,"",same online/offline activity modifier,integer,随机事件持续时间
schedule.random_event.spirit_tide.production_multiplier,schedule,spirit_tide production multiplier,1.25,ratio,scalar,frozen_v1,洞天设计,"",applies to production actions only,2dp,随机事件生产倍率
schedule.random_event.beast_raid.chance,schedule,beast_raid chance per roll,10,percent,probability,frozen_v1,洞天设计,"",mutually-exclusive roll,integer,随机事件触发概率
schedule.random_event.beast_raid.duration_hours,schedule,beast_raid duration,4,hours,scalar,frozen_v1,洞天设计,"",same online/offline activity modifier,integer,随机事件持续时间
schedule.random_event.beast_raid.production_multiplier,schedule,beast_raid production multiplier,0.8,ratio,scalar,frozen_v1,洞天设计,"",applies to production actions only,2dp,随机事件生产倍率
dungeon.high_tier.nascent_soul.transition_hours,dungeon,nascent_soul high-tier transition hours,552,hours,target,frozen_v1,洞天设计,"",target_to_hours - target_from_hours,integer,高阶远征过渡时长
dungeon.high_tier.nascent_soul.spirit_stone_per_hour,dungeon,nascent_soul high-tier spirit_stone supply rate,120.77294685990339,spirit_stone_per_hour,derived,frozen_v1,洞天设计,"",transition_cost / (transition_hours * supply_window),6dp,高阶远征资源供给锚点
dungeon.high_tier.nascent_soul.pill_per_hour,dungeon,nascent_soul high-tier pill supply rate,0.7628536922015183,pill_per_hour,derived,frozen_v1,洞天设计,"",transition_cost / (transition_hours * supply_window),6dp,高阶远征资源供给锚点
dungeon.high_tier.nascent_soul.ancient_scroll_per_hour,dungeon,nascent_soul high-tier ancient_scroll supply rate,0.04830917874396135,ancient_scroll_per_hour,derived,frozen_v1,洞天设计,"",transition_cost / (transition_hours * supply_window),6dp,高阶远征资源供给锚点
dungeon.high_tier.nascent_soul.demon_core_per_hour,dungeon,nascent_soul high-tier demon_core supply rate,0.12077294685990338,demon_core_per_hour,derived,frozen_v1,洞天设计,"",transition_cost / (transition_hours * supply_window),6dp,高阶远征资源供给锚点
dungeon.high_tier.nascent_soul.millennium_herb_per_hour,dungeon,nascent_soul high-tier millennium_herb supply rate,0.24154589371980675,millennium_herb_per_hour,derived,frozen_v1,洞天设计,"",transition_cost / (transition_hours * supply_window),6dp,高阶远征资源供给锚点
dungeon.high_tier.nascent_soul.meteor_iron_per_hour,dungeon,nascent_soul high-tier meteor_iron supply rate,0.24154589371980675,meteor_iron_per_hour,derived,frozen_v1,洞天设计,"",transition_cost / (transition_hours * supply_window),6dp,高阶远征资源供给锚点
dungeon.high_tier.divine_transformation.transition_hours,dungeon,divine_transformation high-tier transition hours,1440,hours,target,frozen_v1,洞天设计,"",target_to_hours - target_from_hours,integer,高阶远征过渡时长
dungeon.high_tier.divine_transformation.spirit_stone_per_hour,dungeon,divine_transformation high-tier spirit_stone supply rate,185.1851851851852,spirit_stone_per_hour,derived,frozen_v1,洞天设计,"",transition_cost / (transition_hours * supply_window),6dp,高阶远征资源供给锚点
dungeon.high_tier.divine_transformation.pill_per_hour,dungeon,divine_transformation high-tier pill supply rate,0.9074074074074073,pill_per_hour,derived,frozen_v1,洞天设计,"",transition_cost / (transition_hours * supply_window),6dp,高阶远征资源供给锚点
dungeon.high_tier.divine_transformation.ancient_scroll_per_hour,dungeon,divine_transformation high-tier ancient_scroll supply rate,0.07407407407407407,ancient_scroll_per_hour,derived,frozen_v1,洞天设计,"",transition_cost / (transition_hours * supply_window),6dp,高阶远征资源供给锚点
dungeon.high_tier.divine_transformation.demon_core_per_hour,dungeon,divine_transformation high-tier demon_core supply rate,0.18518518518518517,demon_core_per_hour,derived,frozen_v1,洞天设计,"",transition_cost / (transition_hours * supply_window),6dp,高阶远征资源供给锚点
dungeon.high_tier.divine_transformation.millennium_herb_per_hour,dungeon,divine_transformation high-tier millennium_herb supply rate,0.37037037037037035,millennium_herb_per_hour,derived,frozen_v1,洞天设计,"",transition_cost / (transition_hours * supply_window),6dp,高阶远征资源供给锚点
dungeon.high_tier.divine_transformation.meteor_iron_per_hour,dungeon,divine_transformation high-tier meteor_iron supply rate,0.37037037037037035,meteor_iron_per_hour,derived,frozen_v1,洞天设计,"",transition_cost / (transition_hours * supply_window),6dp,高阶远征资源供给锚点
dungeon.high_tier.void_refining.transition_hours,dungeon,void_refining high-tier transition hours,4320,hours,target,frozen_v1,洞天设计,"",target_to_hours - target_from_hours,integer,高阶远征过渡时长
dungeon.high_tier.void_refining.spirit_stone_per_hour,dungeon,void_refining high-tier spirit_stone supply rate,246.91358024691357,spirit_stone_per_hour,derived,frozen_v1,洞天设计,"",transition_cost / (transition_hours * supply_window),6dp,高阶远征资源供给锚点
dungeon.high_tier.void_refining.pill_per_hour,dungeon,void_refining high-tier pill supply rate,0.9936067019400352,pill_per_hour,derived,frozen_v1,洞天设计,"",transition_cost / (transition_hours * supply_window),6dp,高阶远征资源供给锚点
dungeon.high_tier.void_refining.ancient_scroll_per_hour,dungeon,void_refining high-tier ancient_scroll supply rate,0.09876543209876543,ancient_scroll_per_hour,derived,frozen_v1,洞天设计,"",transition_cost / (transition_hours * supply_window),6dp,高阶远征资源供给锚点
dungeon.high_tier.void_refining.demon_core_per_hour,dungeon,void_refining high-tier demon_core supply rate,0.24691358024691357,demon_core_per_hour,derived,frozen_v1,洞天设计,"",transition_cost / (transition_hours * supply_window),6dp,高阶远征资源供给锚点
dungeon.high_tier.void_refining.millennium_herb_per_hour,dungeon,void_refining high-tier millennium_herb supply rate,0.49382716049382713,millennium_herb_per_hour,derived,frozen_v1,洞天设计,"",transition_cost / (transition_hours * supply_window),6dp,高阶远征资源供给锚点
dungeon.high_tier.void_refining.meteor_iron_per_hour,dungeon,void_refining high-tier meteor_iron supply rate,0.49382716049382713,meteor_iron_per_hour,derived,frozen_v1,洞天设计,"",transition_cost / (transition_hours * supply_window),6dp,高阶远征资源供给锚点
dungeon.high_tier.body_unity.transition_hours,dungeon,body_unity high-tier transition hours,12960,hours,target,frozen_v1,洞天设计,"",target_to_hours - target_from_hours,integer,高阶远征过渡时长
dungeon.high_tier.body_unity.spirit_stone_per_hour,dungeon,body_unity high-tier spirit_stone supply rate,329.2181069958848,spirit_stone_per_hour,derived,frozen_v1,洞天设计,"",transition_cost / (transition_hours * supply_window),6dp,高阶远征资源供给锚点
dungeon.high_tier.body_unity.pill_per_hour,dungeon,body_unity high-tier pill supply rate,1.32282480893592,pill_per_hour,derived,frozen_v1,洞天设计,"",transition_cost / (transition_hours * supply_window),6dp,高阶远征资源供给锚点
dungeon.high_tier.body_unity.ancient_scroll_per_hour,dungeon,body_unity high-tier ancient_scroll supply rate,0.13168724279835392,ancient_scroll_per_hour,derived,frozen_v1,洞天设计,"",transition_cost / (transition_hours * supply_window),6dp,高阶远征资源供给锚点
dungeon.high_tier.body_unity.demon_core_per_hour,dungeon,body_unity high-tier demon_core supply rate,0.3292181069958848,demon_core_per_hour,derived,frozen_v1,洞天设计,"",transition_cost / (transition_hours * supply_window),6dp,高阶远征资源供给锚点
dungeon.high_tier.body_unity.millennium_herb_per_hour,dungeon,body_unity high-tier millennium_herb supply rate,0.6584362139917695,millennium_herb_per_hour,derived,frozen_v1,洞天设计,"",transition_cost / (transition_hours * supply_window),6dp,高阶远征资源供给锚点
dungeon.high_tier.body_unity.meteor_iron_per_hour,dungeon,body_unity high-tier meteor_iron supply rate,0.6584362139917695,meteor_iron_per_hour,derived,frozen_v1,洞天设计,"",transition_cost / (transition_hours * supply_window),6dp,高阶远征资源供给锚点
dungeon.high_tier.great_vehicle.transition_hours,dungeon,great_vehicle high-tier transition hours,38880,hours,target,frozen_v1,洞天设计,"",target_to_hours - target_from_hours,integer,高阶远征过渡时长
dungeon.high_tier.great_vehicle.spirit_stone_per_hour,dungeon,great_vehicle high-tier spirit_stone supply rate,438.957475994513,spirit_stone_per_hour,derived,frozen_v1,洞天设计,"",transition_cost / (transition_hours * supply_window),6dp,高阶远征资源供给锚点
dungeon.high_tier.great_vehicle.pill_per_hour,dungeon,great_vehicle high-tier pill supply rate,1.761782284930433,pill_per_hour,derived,frozen_v1,洞天设计,"",transition_cost / (transition_hours * supply_window),6dp,高阶远征资源供给锚点
dungeon.high_tier.great_vehicle.ancient_scroll_per_hour,dungeon,great_vehicle high-tier ancient_scroll supply rate,0.1755829903978052,ancient_scroll_per_hour,derived,frozen_v1,洞天设计,"",transition_cost / (transition_hours * supply_window),6dp,高阶远征资源供给锚点
dungeon.high_tier.great_vehicle.demon_core_per_hour,dungeon,great_vehicle high-tier demon_core supply rate,0.438957475994513,demon_core_per_hour,derived,frozen_v1,洞天设计,"",transition_cost / (transition_hours * supply_window),6dp,高阶远征资源供给锚点
dungeon.high_tier.great_vehicle.millennium_herb_per_hour,dungeon,great_vehicle high-tier millennium_herb supply rate,0.877914951989026,millennium_herb_per_hour,derived,frozen_v1,洞天设计,"",transition_cost / (transition_hours * supply_window),6dp,高阶远征资源供给锚点
dungeon.high_tier.great_vehicle.meteor_iron_per_hour,dungeon,great_vehicle high-tier meteor_iron supply rate,0.877914951989026,meteor_iron_per_hour,derived,frozen_v1,洞天设计,"",transition_cost / (transition_hours * supply_window),6dp,高阶远征资源供给锚点
dungeon.high_tier.tribulation.transition_hours,dungeon,tribulation high-tier transition hours,116640,hours,target,frozen_v1,洞天设计,"",target_to_hours - target_from_hours,integer,高阶远征过渡时长
dungeon.high_tier.tribulation.spirit_stone_per_hour,dungeon,tribulation high-tier spirit_stone supply rate,585.2766346593507,spirit_stone_per_hour,derived,frozen_v1,洞天设计,"",transition_cost / (transition_hours * supply_window),6dp,高阶远征资源供给锚点
dungeon.high_tier.tribulation.pill_per_hour,dungeon,tribulation high-tier pill supply rate,2.347058919589784,pill_per_hour,derived,frozen_v1,洞天设计,"",transition_cost / (transition_hours * supply_window),6dp,高阶远征资源供给锚点
dungeon.high_tier.tribulation.ancient_scroll_per_hour,dungeon,tribulation high-tier ancient_scroll supply rate,0.23411065386374028,ancient_scroll_per_hour,derived,frozen_v1,洞天设计,"",transition_cost / (transition_hours * supply_window),6dp,高阶远征资源供给锚点
dungeon.high_tier.tribulation.demon_core_per_hour,dungeon,tribulation high-tier demon_core supply rate,0.5852766346593508,demon_core_per_hour,derived,frozen_v1,洞天设计,"",transition_cost / (transition_hours * supply_window),6dp,高阶远征资源供给锚点
dungeon.high_tier.tribulation.millennium_herb_per_hour,dungeon,tribulation high-tier millennium_herb supply rate,1.1705532693187015,millennium_herb_per_hour,derived,frozen_v1,洞天设计,"",transition_cost / (transition_hours * supply_window),6dp,高阶远征资源供给锚点
dungeon.high_tier.tribulation.meteor_iron_per_hour,dungeon,tribulation high-tier meteor_iron supply rate,1.1705532693187015,meteor_iron_per_hour,derived,frozen_v1,洞天设计,"",transition_cost / (transition_hours * supply_window),6dp,高阶远征资源供给锚点
combat.player.base_attack,combat,Player base attack,120,attack,scalar,frozen_v1,洞天设计,"","","",V1参数
combat.player.base_accuracy,combat,Player base accuracy,100,accuracy,scalar,frozen_v1,洞天设计,"","","",V1参数
combat.player.base_defence,combat,Player base defence,100,defence,scalar,frozen_v1,洞天设计,"","","",V1参数
combat.player.base_health,combat,Player base health,1000,health,scalar,frozen_v1,洞天设计,"","","",V1参数
combat.player.base_evasion,combat,Player base evasion,100,evasion,scalar,frozen_v1,洞天设计,"","","",V1参数
combat.player.base_speed,combat,Player base speed,0,speed,scalar,frozen_v1,洞天设计,"","","",V1参数
combat.player.base_attack_interval,combat,Player base attack interval,4,seconds,scalar,frozen_v1,洞天设计,"","","",V1参数
combat.enemy.base_attack_interval,combat,Enemy base attack interval,5,seconds,scalar,frozen_v1,洞天设计,"","","",V1参数
combat.damage.base_coefficient,combat,Base damage coefficient,0.5,ratio,scalar,frozen_v1,洞天设计,"","","",V1参数
combat.speed.min_attack_interval,combat,Minimum attack interval,1,seconds,constant,frozen_v1,洞天设计,"","","",V1参数
combat.power.attack_weight,combat,Battle power attack weight,1,ratio,scalar,frozen_v1,洞天设计,"","","",V1参数
combat.power.defence_weight,combat,Battle power defence weight,0.8,ratio,scalar,frozen_v1,洞天设计,"","","",V1参数
combat.power.health_weight,combat,Battle power health weight,0.05,ratio,scalar,frozen_v1,洞天设计,"","","",V1参数
combat.power.speed_weight,combat,Battle power speed weight,2,ratio,scalar,frozen_v1,洞天设计,"","","",V1参数
combat.element.counter_damage_multiplier,combat,Element counter damage multiplier,1.25,ratio,scalar,frozen_v1,洞天设计,"","","",V1参数
combat.element.counter_resistance_multiplier,combat,Element counter resistance multiplier,0.8,ratio,scalar,frozen_v1,洞天设计,"","","",V1参数
combat.player.element_neutral,combat,Player neutral element baseline,1,boolean,constant,frozen_v1,洞天设计,"","","",V1参数
combat.recovery.success_health_ratio,combat,Successful fight health reset ratio,1,ratio,scalar,frozen_v1,洞天设计,"","","",V1参数
combat.recovery.failure_cooldown,combat,Failure recovery cooldown,60,seconds,scalar,frozen_v1,洞天设计,"","","",V1参数
combat.failure.reward_multiplier,combat,Failure reward multiplier,0,ratio,scalar,frozen_v1,洞天设计,"","","",V1参数
combat.pill.heal_per_use,combat,Pill healing per use,250,health_per_pill,scalar,frozen_v1,洞天设计,"","","",V1参数
combat.pill.auto_use_threshold_percent,combat,Auto pill threshold,40,percent,scalar,frozen_v1,洞天设计,"","","",V1参数
combat.pill.auto_use_target_percent,combat,Auto pill target,80,percent,scalar,frozen_v1,洞天设计,"","","",V1参数
combat.triangle.multiplier,combat,Five element counter multiplier,1.25,ratio,scalar,frozen_v1,洞天设计,"",one application to final outgoing damage,2dp,五行克制伤害倍率
combat.map.target_kill_time,combat,Target map kill time,600,seconds,target,frozen_v1,洞天设计,"",default target equals Qing Feng baseline; each map overrides,integer,普通地图默认目标击杀时间
loot.equipment.quality_budget,loot,Equipment quality stat budget,100,stat_points,scalar,frozen_v1,洞天设计,"",normal weapon slot baseline; slot and quality multipliers override,integer,装备普通武器基础预算
loot.equipment.drop_probability,loot,Equipment quality drop probability,100,percent,probability,frozen_v1,洞天设计,"",each configured equipment roll produces one quality result,integer,装备品质抽取必定发生
combat.boss.initial_barrier_percent,combat,Boss initial barrier,20,percent,scalar,frozen_v1,洞天设计,"","","",V1参数
combat.boss.phase_two_damage_multiplier,combat,Boss phase two damage,1.2,ratio,scalar,frozen_v1,洞天设计,"","","",V1参数
combat.boss.stun_interval,combat,Boss stun interval,60,seconds,scalar,frozen_v1,洞天设计,"","","",V1参数
combat.boss.stun_duration,combat,Boss stun duration,3,seconds,scalar,frozen_v1,洞天设计,"","","",V1参数
map.bai_cao_valley.target_kill_time,map,bai_cao_valley target kill time,30,seconds,target,frozen_v1,洞天设计,"","","",V1参数
map.bai_cao_valley.enemy_effective_hp,map,bai_cao_valley enemy effective hp,260,health,target,frozen_v1,洞天设计,"","","",V1参数
map.bai_cao_valley.enemy_defence,map,bai_cao_valley enemy defence,30,defence,scalar,frozen_v1,洞天设计,"","","",V1参数
map.bai_cao_valley.enemy_evasion,map,bai_cao_valley enemy evasion,50,evasion,scalar,frozen_v1,洞天设计,"","","",V1参数
map.bai_cao_valley.enemy_attack,map,bai_cao_valley enemy attack,50,attack,scalar,frozen_v1,洞天设计,"","","",V1参数
map.bai_cao_valley.enemy_accuracy,map,bai_cao_valley enemy accuracy,80,accuracy,scalar,frozen_v1,洞天设计,"","","",V1参数
map.bai_cao_valley.enemy_element,map,bai_cao_valley enemy element,wood,element,constant,frozen_v1,洞天设计,"","","",V1参数
map.bai_cao_valley.spirit_stone_per_kill,map,bai_cao_valley stone per kill,5,spirit_stone_per_kill,scalar,frozen_v1,洞天设计,"","","",V1参数
map.bai_cao_valley.spirit_ore_per_kill,map,bai_cao_valley ore per kill,1,spirit_ore_per_kill,scalar,frozen_v1,洞天设计,"","","",V1参数
map.bai_cao_valley.spirit_wood_per_kill,map,bai_cao_valley wood per kill,1,spirit_wood_per_kill,scalar,frozen_v1,洞天设计,"","","",V1参数
map.bai_cao_valley.equipment_drop_chance,map,bai_cao_valley equipment chance,2,percent,probability,frozen_v1,洞天设计,"","","",V1参数
map.bai_cao_valley.ancient_scroll_drop_chance,map,bai_cao_valley scroll chance,0.5,percent,probability,frozen_v1,洞天设计,"","","",V1参数
map.bai_cao_valley.equipment_quality_normal_chance,map,bai_cao_valley quality chance,65,percent,probability,frozen_v1,洞天设计,"","","",V1参数
map.bai_cao_valley.equipment_quality_fine_chance,map,bai_cao_valley quality chance,25,percent,probability,frozen_v1,洞天设计,"","","",V1参数
map.bai_cao_valley.equipment_quality_rare_chance,map,bai_cao_valley quality chance,8,percent,probability,frozen_v1,洞天设计,"","","",V1参数
map.bai_cao_valley.equipment_quality_epic_chance,map,bai_cao_valley quality chance,2,percent,probability,frozen_v1,洞天设计,"","","",V1参数
map.bai_cao_valley.equipment_quality_legendary_chance,map,bai_cao_valley quality chance,0,percent,probability,frozen_v1,洞天设计,"","","",V1参数
map.bai_cao_valley.equipment_quality_immortal_chance,map,bai_cao_valley quality chance,0,percent,probability,frozen_v1,洞天设计,"","","",V1参数
map.bai_cao_valley.ancient_scroll_pity_kills,map,bai_cao_valley scroll pity kills,100,kills,constant,frozen_v1,洞天设计,"","","",V1参数
map.black_wind_valley.target_kill_time,map,black_wind_valley target kill time,90,seconds,target,frozen_v1,洞天设计,"","","",V1参数
map.black_wind_valley.enemy_effective_hp,map,black_wind_valley enemy effective hp,596,health,target,frozen_v1,洞天设计,"","","",V1参数
map.black_wind_valley.enemy_defence,map,black_wind_valley enemy defence,70,defence,scalar,frozen_v1,洞天设计,"","","",V1参数
map.black_wind_valley.enemy_evasion,map,black_wind_valley enemy evasion,50,evasion,scalar,frozen_v1,洞天设计,"","","",V1参数
map.black_wind_valley.enemy_attack,map,black_wind_valley enemy attack,100,attack,scalar,frozen_v1,洞天设计,"","","",V1参数
map.black_wind_valley.enemy_accuracy,map,black_wind_valley enemy accuracy,100,accuracy,scalar,frozen_v1,洞天设计,"","","",V1参数
map.black_wind_valley.enemy_element,map,black_wind_valley enemy element,earth,element,constant,frozen_v1,洞天设计,"","","",V1参数
map.black_wind_valley.spirit_stone_per_kill,map,black_wind_valley stone per kill,20,spirit_stone_per_kill,scalar,frozen_v1,洞天设计,"","","",V1参数
map.black_wind_valley.spirit_ore_per_kill,map,black_wind_valley ore per kill,2,spirit_ore_per_kill,scalar,frozen_v1,洞天设计,"","","",V1参数
map.black_wind_valley.spirit_wood_per_kill,map,black_wind_valley wood per kill,2,spirit_wood_per_kill,scalar,frozen_v1,洞天设计,"","","",V1参数
map.black_wind_valley.equipment_drop_chance,map,black_wind_valley equipment chance,5,percent,probability,frozen_v1,洞天设计,"","","",V1参数
map.black_wind_valley.ancient_scroll_drop_chance,map,black_wind_valley scroll chance,1.5,percent,probability,frozen_v1,洞天设计,"","","",V1参数
map.black_wind_valley.equipment_quality_normal_chance,map,black_wind_valley quality chance,35,percent,probability,frozen_v1,洞天设计,"","","",V1参数
map.black_wind_valley.equipment_quality_fine_chance,map,black_wind_valley quality chance,35,percent,probability,frozen_v1,洞天设计,"","","",V1参数
map.black_wind_valley.equipment_quality_rare_chance,map,black_wind_valley quality chance,20,percent,probability,frozen_v1,洞天设计,"","","",V1参数
map.black_wind_valley.equipment_quality_epic_chance,map,black_wind_valley quality chance,8,percent,probability,frozen_v1,洞天设计,"","","",V1参数
map.black_wind_valley.equipment_quality_legendary_chance,map,black_wind_valley quality chance,2,percent,probability,frozen_v1,洞天设计,"","","",V1参数
map.black_wind_valley.equipment_quality_immortal_chance,map,black_wind_valley quality chance,0,percent,probability,frozen_v1,洞天设计,"","","",V1参数
map.black_wind_valley.ancient_scroll_pity_kills,map,black_wind_valley scroll pity kills,100,kills,constant,frozen_v1,洞天设计,"","","",V1参数
map.red_flame_cave.target_kill_time,map,red_flame_cave target kill time,240,seconds,target,frozen_v1,洞天设计,"","","",V1参数
map.red_flame_cave.enemy_effective_hp,map,red_flame_cave enemy effective hp,1227,health,target,frozen_v1,洞天设计,"","","",V1参数
map.red_flame_cave.enemy_defence,map,red_flame_cave enemy defence,120,defence,scalar,frozen_v1,洞天设计,"","","",V1参数
map.red_flame_cave.enemy_evasion,map,red_flame_cave enemy evasion,50,evasion,scalar,frozen_v1,洞天设计,"","","",V1参数
map.red_flame_cave.enemy_attack,map,red_flame_cave enemy attack,200,attack,scalar,frozen_v1,洞天设计,"","","",V1参数
map.red_flame_cave.enemy_accuracy,map,red_flame_cave enemy accuracy,120,accuracy,scalar,frozen_v1,洞天设计,"","","",V1参数
map.red_flame_cave.enemy_element,map,red_flame_cave enemy element,fire,element,constant,frozen_v1,洞天设计,"","","",V1参数
map.red_flame_cave.spirit_stone_per_kill,map,red_flame_cave stone per kill,60,spirit_stone_per_kill,scalar,frozen_v1,洞天设计,"","","",V1参数
map.red_flame_cave.spirit_ore_per_kill,map,red_flame_cave ore per kill,4,spirit_ore_per_kill,scalar,frozen_v1,洞天设计,"","","",V1参数
map.red_flame_cave.spirit_wood_per_kill,map,red_flame_cave wood per kill,4,spirit_wood_per_kill,scalar,frozen_v1,洞天设计,"","","",V1参数
map.red_flame_cave.equipment_drop_chance,map,red_flame_cave equipment chance,10,percent,probability,frozen_v1,洞天设计,"","","",V1参数
map.red_flame_cave.ancient_scroll_drop_chance,map,red_flame_cave scroll chance,3.0,percent,probability,frozen_v1,洞天设计,"","","",V1参数
map.red_flame_cave.equipment_quality_normal_chance,map,red_flame_cave quality chance,15,percent,probability,frozen_v1,洞天设计,"","","",V1参数
map.red_flame_cave.equipment_quality_fine_chance,map,red_flame_cave quality chance,25,percent,probability,frozen_v1,洞天设计,"","","",V1参数
map.red_flame_cave.equipment_quality_rare_chance,map,red_flame_cave quality chance,30,percent,probability,frozen_v1,洞天设计,"","","",V1参数
map.red_flame_cave.equipment_quality_epic_chance,map,red_flame_cave quality chance,20,percent,probability,frozen_v1,洞天设计,"","","",V1参数
map.red_flame_cave.equipment_quality_legendary_chance,map,red_flame_cave quality chance,8,percent,probability,frozen_v1,洞天设计,"","","",V1参数
map.red_flame_cave.equipment_quality_immortal_chance,map,red_flame_cave quality chance,2,percent,probability,frozen_v1,洞天设计,"","","",V1参数
map.red_flame_cave.ancient_scroll_pity_kills,map,red_flame_cave scroll pity kills,100,kills,constant,frozen_v1,洞天设计,"","","",V1参数
loot.equipment.quality.multiplier.normal,loot,Normal quality multiplier,1,ratio,scalar,frozen_v1,洞天设计,"","","",V1参数
loot.equipment.quality.multiplier.fine,loot,Fine quality multiplier,1.25,ratio,scalar,frozen_v1,洞天设计,"","","",V1参数
loot.equipment.quality.multiplier.rare,loot,Rare quality multiplier,1.6,ratio,scalar,frozen_v1,洞天设计,"","","",V1参数
loot.equipment.quality.multiplier.epic,loot,Epic quality multiplier,2.1,ratio,scalar,frozen_v1,洞天设计,"","","",V1参数
loot.equipment.quality.multiplier.legendary,loot,Legendary quality multiplier,2.8,ratio,scalar,frozen_v1,洞天设计,"","","",V1参数
loot.equipment.quality.multiplier.immortal,loot,Immortal quality multiplier,3.8,ratio,scalar,frozen_v1,洞天设计,"","","",V1参数
loot.equipment.enhancement.max_level,loot,Enhancement max level,10,level,constant,frozen_v1,洞天设计,"","","",V1参数
loot.equipment.enhancement.stat_multiplier_per_level,loot,Enhancement stat multiplier,0.06,ratio_per_level,scalar,frozen_v1,洞天设计,"","","",V1参数
loot.equipment.enhancement.spirit_stone_base_cost,loot,Enhancement stone base cost,20,spirit_stone,scalar,frozen_v1,洞天设计,"","","",V1参数
loot.equipment.enhancement.spirit_stone_growth,loot,Enhancement stone growth,1.35,ratio,scalar,frozen_v1,洞天设计,"","","",V1参数
loot.equipment.enhancement.spirit_ore_base_cost,loot,Enhancement ore base cost,1,spirit_ore,scalar,frozen_v1,洞天设计,"","","",V1参数
loot.equipment.enhancement.spirit_wood_base_cost,loot,Enhancement wood base cost,1,spirit_wood,scalar,frozen_v1,洞天设计,"","","",V1参数
loot.equipment.enhancement.material_growth,loot,Enhancement material growth,1.25,ratio,scalar,frozen_v1,洞天设计,"","","",V1参数
loot.equipment.stat_point.attack_value,loot,Attack per stat point,1,attack_per_point,scalar,frozen_v1,洞天设计,"","","",V1参数
loot.equipment.stat_point.defence_value,loot,Defence per stat point,1,defence_per_point,scalar,frozen_v1,洞天设计,"","","",V1参数
loot.equipment.stat_point.health_value,loot,Health per stat point,10,health_per_point,scalar,frozen_v1,洞天设计,"","","",V1参数
loot.equipment.slot_budget.weapon,loot,weapon base budget,100,stat_points,scalar,frozen_v1,洞天设计,"","","",V1参数
loot.equipment.slot_budget.armor,loot,armor base budget,80,stat_points,scalar,frozen_v1,洞天设计,"","","",V1参数
loot.equipment.slot_budget.accessory,loot,accessory base budget,60,stat_points,scalar,frozen_v1,洞天设计,"","","",V1参数
loot.equipment.affix.primary_share.weapon,loot,weapon primary share,70,percent,scalar,frozen_v1,洞天设计,"","","",V1参数
loot.equipment.affix.secondary_share.weapon,loot,weapon secondary share,20,percent,scalar,frozen_v1,洞天设计,"","","",V1参数
loot.equipment.affix.health_share.weapon,loot,weapon health share,10,percent,scalar,frozen_v1,洞天设计,"","","",V1参数
loot.equipment.affix.primary_share.armor,loot,armor primary share,70,percent,scalar,frozen_v1,洞天设计,"","","",V1参数
loot.equipment.affix.health_share.armor,loot,armor health share,30,percent,scalar,frozen_v1,洞天设计,"","","",V1参数
loot.equipment.affix.primary_share.accessory,loot,accessory primary share,40,percent,scalar,frozen_v1,洞天设计,"","","",V1参数
loot.equipment.affix.secondary_share.accessory,loot,accessory secondary share,40,percent,scalar,frozen_v1,洞天设计,"","","",V1参数
loot.equipment.affix.health_share.accessory,loot,accessory health share,20,percent,scalar,frozen_v1,洞天设计,"","","",V1参数
loot.equipment.slot_count.total,loot,Equipped equipment slot count,6,count,policy,frozen_v1,洞天设计,"",1 weapon + 4 armor + 1 accessory,integer,装备穿戴槽位
loot.equipment.slot_count.weapon,loot,Equipped weapon slot count,1,count,policy,frozen_v1,洞天设计,"",fixed equipment layout,integer,装备穿戴槽位
loot.equipment.slot_count.armor,loot,Equipped armor slot count,4,count,policy,frozen_v1,洞天设计,"",fixed equipment layout,integer,装备穿戴槽位
loot.equipment.slot_count.accessory,loot,Equipped accessory slot count,1,count,policy,frozen_v1,洞天设计,"",fixed equipment layout,integer,装备穿戴槽位
loot.equipment.drop_slot_weight.weapon,loot,weapon equipment drop weight,1,weight,probability,frozen_v1,洞天设计,"",drop slot weighted by equipped slot count,integer,装备掉落部位权重
loot.equipment.drop_slot_weight.armor,loot,armor equipment drop weight,4,weight,probability,frozen_v1,洞天设计,"",drop slot weighted by equipped slot count,integer,装备掉落部位权重
loot.equipment.drop_slot_weight.accessory,loot,accessory equipment drop weight,1,weight,probability,frozen_v1,洞天设计,"",drop slot weighted by equipped slot count,integer,装备掉落部位权重
loot.equipment.affix.slot_count,loot,Equipment affix slot count,3,count,policy,frozen_v1,洞天设计,"",fixed per item,integer,每件装备词条槽位
loot.equipment.affix.utility_slots.normal,loot,normal utility affix slots,0,count,policy,frozen_v1,洞天设计,"",quality capped utility slots,integer,品质功能词条槽位
loot.equipment.affix.utility_slots.fine,loot,fine utility affix slots,0,count,policy,frozen_v1,洞天设计,"",quality capped utility slots,integer,品质功能词条槽位
loot.equipment.affix.utility_slots.rare,loot,rare utility affix slots,1,count,policy,frozen_v1,洞天设计,"",quality capped utility slots,integer,品质功能词条槽位
loot.equipment.affix.utility_slots.epic,loot,epic utility affix slots,1,count,policy,frozen_v1,洞天设计,"",quality capped utility slots,integer,品质功能词条槽位
loot.equipment.affix.utility_slots.legendary,loot,legendary utility affix slots,2,count,policy,frozen_v1,洞天设计,"",quality capped utility slots,integer,品质功能词条槽位
loot.equipment.affix.utility_slots.immortal,loot,immortal utility affix slots,3,count,policy,frozen_v1,洞天设计,"",quality capped utility slots,integer,品质功能词条槽位
loot.equipment.affix.roll_weight.speed,loot,speed affix roll weight,50,weight,probability,frozen_v1,洞天设计,"",weighted utility pool,integer,功能词条抽取权重
loot.equipment.affix.roll_weight.element,loot,element affix roll weight,30,weight,probability,frozen_v1,洞天设计,"",weighted utility pool,integer,功能词条抽取权重
loot.equipment.affix.roll_weight.special,loot,special affix roll weight,20,weight,probability,frozen_v1,洞天设计,"",weighted utility pool,integer,功能词条抽取权重
loot.equipment.affix.speed_rating.rare,loot,rare speed affix rating,5,speed,scalar,frozen_v1,洞天设计,"",quality capped speed,integer,速度词条数值
loot.equipment.affix.speed_rating.epic,loot,epic speed affix rating,8,speed,scalar,frozen_v1,洞天设计,"",quality capped speed,integer,速度词条数值
loot.equipment.affix.speed_rating.legendary,loot,legendary speed affix rating,12,speed,scalar,frozen_v1,洞天设计,"",quality capped speed,integer,速度词条数值
loot.equipment.affix.speed_rating.immortal,loot,immortal speed affix rating,16,speed,scalar,frozen_v1,洞天设计,"",quality capped speed,integer,速度词条数值
loot.equipment.affix.special_grade.rare,loot,rare special affix grade,1,grade,scalar,frozen_v1,洞天设计,"",quality capped special grade,integer,特殊词条等级
loot.equipment.affix.special_grade.epic,loot,epic special affix grade,2,grade,scalar,frozen_v1,洞天设计,"",quality capped special grade,integer,特殊词条等级
loot.equipment.affix.special_grade.legendary,loot,legendary special affix grade,3,grade,scalar,frozen_v1,洞天设计,"",quality capped special grade,integer,特殊词条等级
loot.equipment.affix.special_grade.immortal,loot,immortal special affix grade,4,grade,scalar,frozen_v1,洞天设计,"",quality capped special grade,integer,特殊词条等级
loot.equipment.affix.element.max_active,loot,Maximum active equipment element,1,count,policy,frozen_v1,洞天设计,"",highest quality element only,integer,装备有效五行标签上限
loot.equipment.affix.special.damage_bonus_per_grade,loot,Special outgoing damage bonus per grade,0.02,ratio_per_grade,scalar,frozen_v1,洞天设计,"",additive before damage multiplier,4dp,破甲类特殊词条
loot.equipment.affix.special.damage_reduction_per_grade,loot,Special incoming damage reduction per grade,0.02,ratio_per_grade,scalar,frozen_v1,洞天设计,"",additive incoming reduction,4dp,护体类特殊词条
loot.equipment.affix.special.health_bonus_per_grade,loot,Special health bonus per grade,0.04,ratio_per_grade,scalar,frozen_v1,洞天设计,"",additive max health bonus,4dp,强身类特殊词条
loot.equipment.affix.special.pill_heal_bonus_per_grade,loot,Special pill healing bonus per grade,0.05,ratio_per_grade,scalar,frozen_v1,洞天设计,"",additive pill healing bonus,4dp,回春类特殊词条
loot.equipment.affix.sale.speed_value_per_point,loot,Speed affix sale value per point,2,value_points_per_speed,scalar,frozen_v1,洞天设计,"",speed * coefficient,integer,速度词条出售价值
loot.equipment.affix.sale.element_value,loot,Element affix sale value,25,value_points,scalar,frozen_v1,洞天设计,"",fixed active element value,integer,五行词条出售价值
loot.equipment.affix.sale.special_value_per_grade,loot,Special affix sale value per grade,40,value_points_per_grade,scalar,frozen_v1,洞天设计,"",grade * coefficient,integer,特殊词条出售价值
combat.player.default_element,combat,Player default element,neutral,element,constant,frozen_v1,洞天设计,"",no element affix equipped,"",玩家默认五行
loot.equipment.promotion.duplicate_required,loot,Promotion duplicate required,1,equipment,cost,frozen_v1,洞天设计,"","","",V1参数
loot.equipment.promotion.success_chance,loot,Promotion success chance,100,percent,probability,frozen_v1,洞天设计,"","","",V1参数
loot.equipment.promotion.enhancement_preserved,loot,Promotion enhancement preserved,1,boolean,constant,frozen_v1,洞天设计,"","","",V1参数
loot.equipment.promotion.normal_to_fine.spirit_stone_cost,loot,normal_to_fine stone cost,500,spirit_stone,cost,frozen_v1,洞天设计,"","","",V1参数
loot.equipment.promotion.normal_to_fine.millennium_herb_cost,loot,normal_to_fine herb cost,5,millennium_herb,cost,frozen_v1,洞天设计,"","","",V1参数
loot.equipment.promotion.normal_to_fine.meteor_iron_cost,loot,normal_to_fine iron cost,10,meteor_iron,cost,frozen_v1,洞天设计,"","","",V1参数
loot.equipment.promotion.fine_to_rare.spirit_stone_cost,loot,fine_to_rare stone cost,1000,spirit_stone,cost,frozen_v1,洞天设计,"","","",V1参数
loot.equipment.promotion.fine_to_rare.millennium_herb_cost,loot,fine_to_rare herb cost,10,millennium_herb,cost,frozen_v1,洞天设计,"","","",V1参数
loot.equipment.promotion.fine_to_rare.meteor_iron_cost,loot,fine_to_rare iron cost,20,meteor_iron,cost,frozen_v1,洞天设计,"","","",V1参数
loot.equipment.promotion.rare_to_epic.spirit_stone_cost,loot,rare_to_epic stone cost,2000,spirit_stone,cost,frozen_v1,洞天设计,"","","",V1参数
loot.equipment.promotion.rare_to_epic.millennium_herb_cost,loot,rare_to_epic herb cost,20,millennium_herb,cost,frozen_v1,洞天设计,"","","",V1参数
loot.equipment.promotion.rare_to_epic.meteor_iron_cost,loot,rare_to_epic iron cost,40,meteor_iron,cost,frozen_v1,洞天设计,"","","",V1参数
loot.equipment.promotion.epic_to_legendary.spirit_stone_cost,loot,epic_to_legendary stone cost,4000,spirit_stone,cost,frozen_v1,洞天设计,"","","",V1参数
loot.equipment.promotion.epic_to_legendary.millennium_herb_cost,loot,epic_to_legendary herb cost,40,millennium_herb,cost,frozen_v1,洞天设计,"","","",V1参数
loot.equipment.promotion.epic_to_legendary.meteor_iron_cost,loot,epic_to_legendary iron cost,80,meteor_iron,cost,frozen_v1,洞天设计,"","","",V1参数
loot.equipment.promotion.legendary_to_immortal.spirit_stone_cost,loot,legendary_to_immortal stone cost,8000,spirit_stone,cost,frozen_v1,洞天设计,"","","",V1参数
loot.equipment.promotion.legendary_to_immortal.millennium_herb_cost,loot,legendary_to_immortal herb cost,80,millennium_herb,cost,frozen_v1,洞天设计,"","","",V1参数
loot.equipment.promotion.legendary_to_immortal.meteor_iron_cost,loot,legendary_to_immortal iron cost,80,meteor_iron,cost,frozen_v1,洞天设计,"","","",V1参数
loot.equipment.reroll.spirit_stone_base_cost,loot,Reroll base cost,300,spirit_stone,scalar,frozen_v1,洞天设计,"","","",V1参数
loot.equipment.reroll.spirit_stone_growth,loot,Reroll cost growth,1.5,ratio,scalar,frozen_v1,洞天设计,"","","",V1参数
loot.equipment.reroll.lock_base_cost,loot,Affix lock base cost,500,spirit_stone,cost,frozen_v1,洞天设计,"",per locked slot on first lock,integer,词条锁定基础费用
loot.equipment.reroll.lock_cost_growth,loot,Affix lock cost growth,1.5,ratio,scalar,frozen_v1,洞天设计,"",lock slot count growth,2dp,词条锁定费用增长
loot.equipment.reroll.max_locked_slots,loot,Maximum locked affix slots,2,count,policy,frozen_v1,洞天设计,"",cannot lock all three slots,integer,词条最多锁定槽位
loot.equipment.reroll.lock_pill_cost,loot,Affix lock pill cost,1,pill,cost,frozen_v1,洞天设计,"",per locked slot,integer,词条锁定丹药费用
loot.equipment.affix.special_pool.armor_break.weight,loot,armor_break special affix weight,25,weight,probability,frozen_v1,洞天设计,"",equal special affix pool weight,integer,特殊词条名称池
loot.equipment.affix.special_pool.armor_break.effect_index,loot,armor_break special affix effect index,0,index,constant,frozen_v1,洞天设计,"",maps to four registered special effects,integer,特殊词条效果映射
loot.equipment.affix.special_pool.body_protection.weight,loot,body_protection special affix weight,25,weight,probability,frozen_v1,洞天设计,"",equal special affix pool weight,integer,特殊词条名称池
loot.equipment.affix.special_pool.body_protection.effect_index,loot,body_protection special affix effect index,1,index,constant,frozen_v1,洞天设计,"",maps to four registered special effects,integer,特殊词条效果映射
loot.equipment.affix.special_pool.vitality.weight,loot,vitality special affix weight,25,weight,probability,frozen_v1,洞天设计,"",equal special affix pool weight,integer,特殊词条名称池
loot.equipment.affix.special_pool.vitality.effect_index,loot,vitality special affix effect index,2,index,constant,frozen_v1,洞天设计,"",maps to four registered special effects,integer,特殊词条效果映射
loot.equipment.affix.special_pool.rejuvenation.weight,loot,rejuvenation special affix weight,25,weight,probability,frozen_v1,洞天设计,"",equal special affix pool weight,integer,特殊词条名称池
loot.equipment.affix.special_pool.rejuvenation.effect_index,loot,rejuvenation special affix effect index,3,index,constant,frozen_v1,洞天设计,"",maps to four registered special effects,integer,特殊词条效果映射
loot.equipment.affix.target.special.weapon,loot,weapon target special affix,armor_break,special_affix,policy,frozen_v1,洞天设计,"",slot-specific combat target,enum,词条目标模板：部位对应特殊词条
loot.equipment.affix.target.special.armor,loot,armor target special affix,body_protection,special_affix,policy,frozen_v1,洞天设计,"",slot-specific combat target,enum,词条目标模板：部位对应特殊词条
loot.equipment.affix.target.special.accessory,loot,accessory target special affix,rejuvenation,special_affix,policy,frozen_v1,洞天设计,"",slot-specific combat target,enum,词条目标模板：部位对应特殊词条
loot.equipment.affix.target.legendary.required,loot,Legendary target affix set,speed|special,affix_set,policy,frozen_v1,洞天设计,"",two utility slots,enum,传说装备目标词条集合
loot.equipment.affix.target.immortal.required,loot,Immortal target affix set,speed|element|special,affix_set,policy,frozen_v1,洞天设计,"",three utility slots,enum,仙器装备目标词条集合
loot.equipment.affix.target.max_attempts,loot,Target affix maximum reroll attempts,100,attempts,policy,frozen_v1,洞天设计,"",bounded target search,integer,词条目标重洗尝试上限
loot.equipment.affix.target.reroll_spirit_stone_growth,loot,Target affix reroll cost growth,1.08,ratio,policy,frozen_v1,洞天设计,"",target search uses a soft growth curve; generic wash keeps its own curve,2dp,目标词条重洗费用增长，避免百次上限产生不可支付的指数尾部
loot.equipment.affix.target.expected_spirit_stone.legendary,loot,legendary target affix expected spirit stone,90000,spirit_stone,derived,frozen_v1,洞天设计,"","rounded 5,000-seed successful-target mean with conservative buffer",integer,目标词条长期经济平均灵石预算
loot.equipment.affix.target.expected_pills.legendary,loot,legendary target affix expected pills,20,pill,derived,frozen_v1,洞天设计,"","rounded 5,000-seed successful-target mean",integer,目标词条长期经济平均丹药预算
loot.equipment.affix.target.expected_spirit_stone.immortal,loot,immortal target affix expected spirit stone,85000,spirit_stone,derived,frozen_v1,洞天设计,"","rounded 5,000-seed successful-target mean with conservative buffer",integer,目标词条长期经济平均灵石预算
loot.equipment.affix.target.expected_pills.immortal,loot,immortal target affix expected pills,19,pill,derived,frozen_v1,洞天设计,"","rounded 5,000-seed successful-target mean",integer,目标词条长期经济平均丹药预算
loot.equipment.awakening.max_level,loot,Awakening max level,5,level,constant,frozen_v1,洞天设计,"","","",V1参数
loot.equipment.awakening.stat_multiplier_per_level,loot,Awakening stat multiplier,0.03,ratio_per_level,scalar,frozen_v1,洞天设计,"","","",V1参数
loot.equipment.awakening.spirit_stone_base_cost,loot,Awakening stone base cost,1000,spirit_stone,scalar,frozen_v1,洞天设计,"","","",V1参数
loot.equipment.awakening.spirit_stone_growth,loot,Awakening stone growth,1.5,ratio,scalar,frozen_v1,洞天设计,"","","",V1参数
loot.equipment.awakening.demon_core_per_level,loot,Awakening demon core cost,5,demon_core,scalar,frozen_v1,洞天设计,"","","",V1参数
loot.equipment.awakening.meteor_iron_per_level,loot,Awakening meteor iron cost,5,meteor_iron,scalar,frozen_v1,洞天设计,"","","",V1参数
loot.equipment.auto_salvage.normal_enabled,loot,Auto salvage normal,1,boolean,constant,frozen_v1,洞天设计,"","","",V1参数
loot.equipment.auto_salvage.fine_enabled,loot,Auto salvage fine,1,boolean,constant,frozen_v1,洞天设计,"","","",V1参数
loot.equipment.auto_salvage.rare_enabled,loot,Auto salvage rare,0,boolean,constant,frozen_v1,洞天设计,"","","",V1参数
loot.equipment.auto_salvage.epic_enabled,loot,Auto salvage epic,0,boolean,constant,frozen_v1,洞天设计,"","","",V1参数
loot.equipment.auto_salvage.legendary_enabled,loot,Auto salvage legendary,0,boolean,constant,frozen_v1,洞天设计,"","","",V1参数
loot.equipment.auto_salvage.immortal_enabled,loot,Auto salvage immortal,0,boolean,constant,frozen_v1,洞天设计,"","","",V1参数
loot.equipment.salvage.normal.spirit_ore,loot,Normal salvage ore,1,spirit_ore,scalar,frozen_v1,洞天设计,"","","",V1参数
loot.equipment.salvage.normal.spirit_wood,loot,Normal salvage wood,1,spirit_wood,scalar,frozen_v1,洞天设计,"","","",V1参数
loot.equipment.salvage.fine.spirit_ore,loot,Fine salvage ore,2,spirit_ore,scalar,frozen_v1,洞天设计,"","","",V1参数
loot.equipment.salvage.fine.spirit_wood,loot,Fine salvage wood,2,spirit_wood,scalar,frozen_v1,洞天设计,"","","",V1参数
loot.equipment.value.normal,loot,normal equipment value,50,value_points,scalar,frozen_v1,洞天设计,"","","",V1参数
loot.equipment.value.fine,loot,fine equipment value,80,value_points,scalar,frozen_v1,洞天设计,"","","",V1参数
loot.equipment.value.rare,loot,rare equipment value,130,value_points,scalar,frozen_v1,洞天设计,"","","",V1参数
loot.equipment.value.epic,loot,epic equipment value,220,value_points,scalar,frozen_v1,洞天设计,"","","",V1参数
loot.equipment.value.legendary,loot,legendary equipment value,380,value_points,scalar,frozen_v1,洞天设计,"","","",V1参数
loot.equipment.value.immortal,loot,immortal equipment value,700,value_points,scalar,frozen_v1,洞天设计,"","","",V1参数
loot.equipment.sell.spirit_stone.normal,loot,normal equipment sell price,25,spirit_stone,scalar,frozen_v1,洞天设计,"",floor(value_points * 0.5),integer,手动出售灵石
loot.equipment.sell.spirit_stone.fine,loot,fine equipment sell price,40,spirit_stone,scalar,frozen_v1,洞天设计,"",floor(value_points * 0.5),integer,手动出售灵石
loot.equipment.sell.spirit_stone.rare,loot,rare equipment sell price,65,spirit_stone,scalar,frozen_v1,洞天设计,"",floor(value_points * 0.5),integer,手动出售灵石
loot.equipment.sell.spirit_stone.epic,loot,epic equipment sell price,110,spirit_stone,scalar,frozen_v1,洞天设计,"",floor(value_points * 0.5),integer,手动出售灵石
loot.equipment.sell.spirit_stone.legendary,loot,legendary equipment sell price,190,spirit_stone,scalar,frozen_v1,洞天设计,"",floor(value_points * 0.5),integer,手动出售灵石
loot.equipment.sell.spirit_stone.immortal,loot,immortal equipment sell price,350,spirit_stone,scalar,frozen_v1,洞天设计,"",floor(value_points * 0.5),integer,手动出售灵石
loot.equipment.affix.expected_sale_spirit_stone.normal,loot,normal expected affix-adjusted sale price,25.0,spirit_stone,derived,frozen_v1,洞天设计,"",expected floor((quality_value + weighted_affix_value) * 0.5),6dp,含功能词条的同品质期望出售价格
loot.equipment.affix.expected_sale_spirit_stone.fine,loot,fine expected affix-adjusted sale price,40.0,spirit_stone,derived,frozen_v1,洞天设计,"",expected floor((quality_value + weighted_affix_value) * 0.5),6dp,含功能词条的同品质期望出售价格
loot.equipment.affix.expected_sale_spirit_stone.rare,loot,rare expected affix-adjusted sale price,75.1,spirit_stone,derived,frozen_v1,洞天设计,"",expected floor((quality_value + weighted_affix_value) * 0.5),6dp,含功能词条的同品质期望出售价格
loot.equipment.affix.expected_sale_spirit_stone.epic,loot,epic expected affix-adjusted sale price,125.6,spirit_stone,derived,frozen_v1,洞天设计,"",expected floor((quality_value + weighted_affix_value) * 0.5),6dp,含功能词条的同品质期望出售价格
loot.equipment.affix.expected_sale_spirit_stone.legendary,loot,legendary expected affix-adjusted sale price,234.434286,spirit_stone,derived,frozen_v1,洞天设计,"",expected floor((quality_value + weighted_affix_value) * 0.5),6dp,含功能词条的同品质期望出售价格
loot.equipment.affix.expected_sale_spirit_stone.immortal,loot,immortal expected affix-adjusted sale price,438.215429,spirit_stone,derived,frozen_v1,洞天设计,"",expected floor((quality_value + weighted_affix_value) * 0.5),6dp,含功能词条的同品质期望出售价格
economy.warehouse.max_level,economy,Warehouse maximum level,5,level,constant,frozen_v1,洞天设计,"","","",V1参数
economy.warehouse.equipment_cap.1,economy,Warehouse equipment cap level 1,200,equipment,policy,frozen_v1,洞天设计,"",fixed level cap,integer,装备仓库容量
economy.warehouse.equipment_cap.2,economy,Warehouse equipment cap level 2,300,equipment,policy,frozen_v1,洞天设计,"",fixed level cap,integer,装备仓库容量
economy.warehouse.equipment_cap.3,economy,Warehouse equipment cap level 3,450,equipment,policy,frozen_v1,洞天设计,"",fixed level cap,integer,装备仓库容量
economy.warehouse.equipment_cap.4,economy,Warehouse equipment cap level 4,650,equipment,policy,frozen_v1,洞天设计,"",fixed level cap,integer,装备仓库容量
economy.warehouse.equipment_cap.5,economy,Warehouse equipment cap level 5,900,equipment,policy,frozen_v1,洞天设计,"",fixed level cap,integer,装备仓库容量
economy.warehouse.upgrade.spirit_stone_cost.2,economy,Warehouse level 2 upgrade cost,5000,spirit_stone,cost,frozen_v1,洞天设计,"",fixed level cost,integer,装备仓库升级
economy.warehouse.upgrade.spirit_stone_cost.3,economy,Warehouse level 3 upgrade cost,12000,spirit_stone,cost,frozen_v1,洞天设计,"",fixed level cost,integer,装备仓库升级
economy.warehouse.upgrade.spirit_stone_cost.4,economy,Warehouse level 4 upgrade cost,26000,spirit_stone,cost,frozen_v1,洞天设计,"",fixed level cost,integer,装备仓库升级
economy.warehouse.upgrade.spirit_stone_cost.5,economy,Warehouse level 5 upgrade cost,52000,spirit_stone,cost,frozen_v1,洞天设计,"",fixed level cost,integer,装备仓库升级
economy.warehouse.equipment_cap_multiplier.qi,economy,qi warehouse equipment capacity multiplier,1,ratio,policy,frozen_v1,洞天设计,"",base_warehouse_cap * realm multiplier,integer,跨境界装备仓库容量
economy.warehouse.equipment_cap_multiplier.foundation,economy,foundation warehouse equipment capacity multiplier,1,ratio,policy,frozen_v1,洞天设计,"",base_warehouse_cap * realm multiplier,integer,跨境界装备仓库容量
economy.warehouse.equipment_cap_multiplier.core,economy,core warehouse equipment capacity multiplier,1,ratio,policy,frozen_v1,洞天设计,"",base_warehouse_cap * realm multiplier,integer,跨境界装备仓库容量
economy.warehouse.equipment_cap_multiplier.nascent_soul,economy,nascent_soul warehouse equipment capacity multiplier,4,ratio,policy,frozen_v1,洞天设计,"",base_warehouse_cap * realm multiplier,integer,跨境界装备仓库容量
economy.warehouse.equipment_cap_multiplier.divine_transformation,economy,divine_transformation warehouse equipment capacity multiplier,16,ratio,policy,frozen_v1,洞天设计,"",base_warehouse_cap * realm multiplier,integer,跨境界装备仓库容量
economy.warehouse.equipment_cap_multiplier.void_refining,economy,void_refining warehouse equipment capacity multiplier,64,ratio,policy,frozen_v1,洞天设计,"",base_warehouse_cap * realm multiplier,integer,跨境界装备仓库容量
economy.warehouse.equipment_cap_multiplier.body_unity,economy,body_unity warehouse equipment capacity multiplier,256,ratio,policy,frozen_v1,洞天设计,"",base_warehouse_cap * realm multiplier,integer,跨境界装备仓库容量
economy.warehouse.equipment_cap_multiplier.great_vehicle,economy,great_vehicle warehouse equipment capacity multiplier,1024,ratio,policy,frozen_v1,洞天设计,"",base_warehouse_cap * realm multiplier,integer,跨境界装备仓库容量
economy.warehouse.equipment_cap_multiplier.tribulation,economy,tribulation warehouse equipment capacity multiplier,4096,ratio,policy,frozen_v1,洞天设计,"",base_warehouse_cap * realm multiplier,integer,跨境界装备仓库容量
growth.technique.max_layer,growth,Technique max layer,100,layer,constant,frozen_v1,洞天设计,"","","",V1参数
growth.technique.equipped_count,growth,Equipped technique count,1,count,constant,frozen_v1,洞天设计,"","","",V1参数
growth.technique.research_base_cost,growth,Technique research base cost,100,cultivation_xp_per_layer,scalar,frozen_v1,洞天设计,"","","",V1参数
growth.technique.research_growth,growth,Technique research growth,1.05,ratio,scalar,frozen_v1,洞天设计,"","","",V1参数
growth.technique.attack_per_layer,growth,Technique attack per layer,0.5,attack_per_layer,scalar,frozen_v1,洞天设计,"","","",V1参数
growth.technique.defence_per_layer,growth,Technique defence per layer,0.25,defence_per_layer,scalar,frozen_v1,洞天设计,"","","",V1参数
growth.technique.health_per_layer,growth,Technique health per layer,5,health_per_layer,scalar,frozen_v1,洞天设计,"","","",V1参数
growth.technique.cultivation_rate_bonus_per_layer,growth,Technique cultivation bonus per layer,0.0002,ratio_per_layer,scalar,frozen_v1,洞天设计,"","","",V1参数
growth.technique.quality_multiplier.mortal,growth,mortal technique multiplier,1,ratio,scalar,frozen_v1,洞天设计,"","","",V1参数
growth.technique.quality_multiplier.yellow,growth,yellow technique multiplier,1.25,ratio,scalar,frozen_v1,洞天设计,"","","",V1参数
growth.technique.quality_multiplier.xuan,growth,xuan technique multiplier,1.6,ratio,scalar,frozen_v1,洞天设计,"","","",V1参数
growth.technique.quality_multiplier.earth,growth,earth technique multiplier,2.1,ratio,scalar,frozen_v1,洞天设计,"","","",V1参数
growth.technique.quality_multiplier.heaven,growth,heaven technique multiplier,2.8,ratio,scalar,frozen_v1,洞天设计,"","","",V1参数
growth.technique.quality_multiplier.immortal,growth,immortal technique multiplier,3.8,ratio,scalar,frozen_v1,洞天设计,"","","",V1参数
growth.technique.pool.qing_mu_chang_sheng.quality,growth,qing_mu_chang_sheng technique quality,mortal,quality,constant,frozen_v1,洞天设计,"",fixed pool member,"",功法对象池品质
growth.technique.pool.qing_mu_chang_sheng.element,growth,qing_mu_chang_sheng technique element,wood,element,constant,frozen_v1,洞天设计,"",fixed pool member,"",功法对象池五行
growth.technique.pool.qing_mu_chang_sheng.weight,growth,qing_mu_chang_sheng technique member weight,50,weight,probability,frozen_v1,洞天设计,"",equal weight within quality,integer,功法对象池对象权重
growth.technique.pool.bai_shou_guard.quality,growth,bai_shou_guard technique quality,mortal,quality,constant,frozen_v1,洞天设计,"",fixed pool member,"",功法对象池品质
growth.technique.pool.bai_shou_guard.element,growth,bai_shou_guard technique element,water,element,constant,frozen_v1,洞天设计,"",fixed pool member,"",功法对象池五行
growth.technique.pool.bai_shou_guard.weight,growth,bai_shou_guard technique member weight,50,weight,probability,frozen_v1,洞天设计,"",equal weight within quality,integer,功法对象池对象权重
growth.technique.pool.jin_gang_body.quality,growth,jin_gang_body technique quality,yellow,quality,constant,frozen_v1,洞天设计,"",fixed pool member,"",功法对象池品质
growth.technique.pool.jin_gang_body.element,growth,jin_gang_body technique element,metal,element,constant,frozen_v1,洞天设计,"",fixed pool member,"",功法对象池五行
growth.technique.pool.jin_gang_body.weight,growth,jin_gang_body technique member weight,50,weight,probability,frozen_v1,洞天设计,"",equal weight within quality,integer,功法对象池对象权重
growth.technique.pool.lie_yang_script.quality,growth,lie_yang_script technique quality,yellow,quality,constant,frozen_v1,洞天设计,"",fixed pool member,"",功法对象池品质
growth.technique.pool.lie_yang_script.element,growth,lie_yang_script technique element,fire,element,constant,frozen_v1,洞天设计,"",fixed pool member,"",功法对象池五行
growth.technique.pool.lie_yang_script.weight,growth,lie_yang_script technique member weight,50,weight,probability,frozen_v1,洞天设计,"",equal weight within quality,integer,功法对象池对象权重
growth.technique.pool.xuan_shui_manual.quality,growth,xuan_shui_manual technique quality,xuan,quality,constant,frozen_v1,洞天设计,"",fixed pool member,"",功法对象池品质
growth.technique.pool.xuan_shui_manual.element,growth,xuan_shui_manual technique element,water,element,constant,frozen_v1,洞天设计,"",fixed pool member,"",功法对象池五行
growth.technique.pool.xuan_shui_manual.weight,growth,xuan_shui_manual technique member weight,50,weight,probability,frozen_v1,洞天设计,"",equal weight within quality,integer,功法对象池对象权重
growth.technique.pool.hou_tu_earth.quality,growth,hou_tu_earth technique quality,xuan,quality,constant,frozen_v1,洞天设计,"",fixed pool member,"",功法对象池品质
growth.technique.pool.hou_tu_earth.element,growth,hou_tu_earth technique element,earth,element,constant,frozen_v1,洞天设计,"",fixed pool member,"",功法对象池五行
growth.technique.pool.hou_tu_earth.weight,growth,hou_tu_earth technique member weight,50,weight,probability,frozen_v1,洞天设计,"",equal weight within quality,integer,功法对象池对象权重
growth.technique.pool.qing_lian_sword.quality,growth,qing_lian_sword technique quality,earth,quality,constant,frozen_v1,洞天设计,"",fixed pool member,"",功法对象池品质
growth.technique.pool.qing_lian_sword.element,growth,qing_lian_sword technique element,wood,element,constant,frozen_v1,洞天设计,"",fixed pool member,"",功法对象池五行
growth.technique.pool.qing_lian_sword.weight,growth,qing_lian_sword technique member weight,50,weight,probability,frozen_v1,洞天设计,"",equal weight within quality,integer,功法对象池对象权重
growth.technique.pool.tian_yan_blade.quality,growth,tian_yan_blade technique quality,earth,quality,constant,frozen_v1,洞天设计,"",fixed pool member,"",功法对象池品质
growth.technique.pool.tian_yan_blade.element,growth,tian_yan_blade technique element,fire,element,constant,frozen_v1,洞天设计,"",fixed pool member,"",功法对象池五行
growth.technique.pool.tian_yan_blade.weight,growth,tian_yan_blade technique member weight,50,weight,probability,frozen_v1,洞天设计,"",equal weight within quality,integer,功法对象池对象权重
growth.technique.pool.tai_yi_method.quality,growth,tai_yi_method technique quality,heaven,quality,constant,frozen_v1,洞天设计,"",fixed pool member,"",功法对象池品质
growth.technique.pool.tai_yi_method.element,growth,tai_yi_method technique element,neutral,element,constant,frozen_v1,洞天设计,"",fixed pool member,"",功法对象池五行
growth.technique.pool.tai_yi_method.weight,growth,tai_yi_method technique member weight,50,weight,probability,frozen_v1,洞天设计,"",equal weight within quality,integer,功法对象池对象权重
growth.technique.pool.wu_xing_cycle.quality,growth,wu_xing_cycle technique quality,heaven,quality,constant,frozen_v1,洞天设计,"",fixed pool member,"",功法对象池品质
growth.technique.pool.wu_xing_cycle.element,growth,wu_xing_cycle technique element,metal,element,constant,frozen_v1,洞天设计,"",fixed pool member,"",功法对象池五行
growth.technique.pool.wu_xing_cycle.weight,growth,wu_xing_cycle technique member weight,50,weight,probability,frozen_v1,洞天设计,"",equal weight within quality,integer,功法对象池对象权重
growth.technique.pool.hong_meng_void.quality,growth,hong_meng_void technique quality,immortal,quality,constant,frozen_v1,洞天设计,"",fixed pool member,"",功法对象池品质
growth.technique.pool.hong_meng_void.element,growth,hong_meng_void technique element,neutral,element,constant,frozen_v1,洞天设计,"",fixed pool member,"",功法对象池五行
growth.technique.pool.hong_meng_void.weight,growth,hong_meng_void technique member weight,50,weight,probability,frozen_v1,洞天设计,"",equal weight within quality,integer,功法对象池对象权重
growth.technique.pool.yin_yang_book.quality,growth,yin_yang_book technique quality,immortal,quality,constant,frozen_v1,洞天设计,"",fixed pool member,"",功法对象池品质
growth.technique.pool.yin_yang_book.element,growth,yin_yang_book technique element,earth,element,constant,frozen_v1,洞天设计,"",fixed pool member,"",功法对象池五行
growth.technique.pool.yin_yang_book.weight,growth,yin_yang_book technique member weight,50,weight,probability,frozen_v1,洞天设计,"",equal weight within quality,integer,功法对象池对象权重
dungeon.qing_feng.technique_pool_weight.mortal,dungeon,qing_feng mortal technique pool weight,40,weight,probability,frozen_v1,洞天设计,"",pool quality weight,integer,秘境功法品质池权重
dungeon.qing_feng.technique_pool_weight.yellow,dungeon,qing_feng yellow technique pool weight,30,weight,probability,frozen_v1,洞天设计,"",pool quality weight,integer,秘境功法品质池权重
dungeon.qing_feng.technique_pool_weight.xuan,dungeon,qing_feng xuan technique pool weight,20,weight,probability,frozen_v1,洞天设计,"",pool quality weight,integer,秘境功法品质池权重
dungeon.qing_feng.technique_pool_weight.earth,dungeon,qing_feng earth technique pool weight,8,weight,probability,frozen_v1,洞天设计,"",pool quality weight,integer,秘境功法品质池权重
dungeon.qing_feng.technique_pool_weight.heaven,dungeon,qing_feng heaven technique pool weight,2,weight,probability,frozen_v1,洞天设计,"",pool quality weight,integer,秘境功法品质池权重
dungeon.qing_feng.technique_pool_weight.immortal,dungeon,qing_feng immortal technique pool weight,0,weight,probability,frozen_v1,洞天设计,"",pool quality weight,integer,秘境功法品质池权重
dungeon.yan_prison.technique_pool_weight.mortal,dungeon,yan_prison mortal technique pool weight,15,weight,probability,frozen_v1,洞天设计,"",pool quality weight,integer,秘境功法品质池权重
dungeon.yan_prison.technique_pool_weight.yellow,dungeon,yan_prison yellow technique pool weight,25,weight,probability,frozen_v1,洞天设计,"",pool quality weight,integer,秘境功法品质池权重
dungeon.yan_prison.technique_pool_weight.xuan,dungeon,yan_prison xuan technique pool weight,30,weight,probability,frozen_v1,洞天设计,"",pool quality weight,integer,秘境功法品质池权重
dungeon.yan_prison.technique_pool_weight.earth,dungeon,yan_prison earth technique pool weight,20,weight,probability,frozen_v1,洞天设计,"",pool quality weight,integer,秘境功法品质池权重
dungeon.yan_prison.technique_pool_weight.heaven,dungeon,yan_prison heaven technique pool weight,8,weight,probability,frozen_v1,洞天设计,"",pool quality weight,integer,秘境功法品质池权重
dungeon.yan_prison.technique_pool_weight.immortal,dungeon,yan_prison immortal technique pool weight,2,weight,probability,frozen_v1,洞天设计,"",pool quality weight,integer,秘境功法品质池权重
dungeon.sky_abyss.technique_pool_weight.mortal,dungeon,sky_abyss mortal technique pool weight,0,weight,probability,frozen_v1,洞天设计,"",pool quality weight,integer,秘境功法品质池权重
dungeon.sky_abyss.technique_pool_weight.yellow,dungeon,sky_abyss yellow technique pool weight,10,weight,probability,frozen_v1,洞天设计,"",pool quality weight,integer,秘境功法品质池权重
dungeon.sky_abyss.technique_pool_weight.xuan,dungeon,sky_abyss xuan technique pool weight,20,weight,probability,frozen_v1,洞天设计,"",pool quality weight,integer,秘境功法品质池权重
dungeon.sky_abyss.technique_pool_weight.earth,dungeon,sky_abyss earth technique pool weight,30,weight,probability,frozen_v1,洞天设计,"",pool quality weight,integer,秘境功法品质池权重
dungeon.sky_abyss.technique_pool_weight.heaven,dungeon,sky_abyss heaven technique pool weight,25,weight,probability,frozen_v1,洞天设计,"",pool quality weight,integer,秘境功法品质池权重
dungeon.sky_abyss.technique_pool_weight.immortal,dungeon,sky_abyss immortal technique pool weight,15,weight,probability,frozen_v1,洞天设计,"",pool quality weight,integer,秘境功法品质池权重
growth.technique.duplicate_research_xp.mortal,growth,mortal duplicate technique research XP,500,cultivation_xp,cost,frozen_v1,洞天设计,"",duplicate copy conversion,integer,重复功法转研究修为
growth.technique.duplicate_research_xp.yellow,growth,yellow duplicate technique research XP,1000,cultivation_xp,cost,frozen_v1,洞天设计,"",duplicate copy conversion,integer,重复功法转研究修为
growth.technique.duplicate_research_xp.xuan,growth,xuan duplicate technique research XP,2000,cultivation_xp,cost,frozen_v1,洞天设计,"",duplicate copy conversion,integer,重复功法转研究修为
growth.technique.duplicate_research_xp.earth,growth,earth duplicate technique research XP,4000,cultivation_xp,cost,frozen_v1,洞天设计,"",duplicate copy conversion,integer,重复功法转研究修为
growth.technique.duplicate_research_xp.heaven,growth,heaven duplicate technique research XP,8000,cultivation_xp,cost,frozen_v1,洞天设计,"",duplicate copy conversion,integer,重复功法转研究修为
growth.technique.duplicate_research_xp.immortal,growth,immortal duplicate technique research XP,16000,cultivation_xp,cost,frozen_v1,洞天设计,"",duplicate copy conversion,integer,重复功法转研究修为
growth.technique.unlock.scroll_cost.mortal,growth,mortal technique unlock scroll cost,1,ancient_scroll,cost,frozen_v1,洞天设计,"","","",V1参数
growth.technique.unlock.spirit_stone_cost.mortal,growth,mortal technique unlock stone cost,1000,spirit_stone,cost,frozen_v1,洞天设计,"","","",V1参数
growth.technique.unlock.scroll_cost.yellow,growth,yellow technique unlock scroll cost,2,ancient_scroll,cost,frozen_v1,洞天设计,"","","",V1参数
growth.technique.unlock.spirit_stone_cost.yellow,growth,yellow technique unlock stone cost,2000,spirit_stone,cost,frozen_v1,洞天设计,"","","",V1参数
growth.technique.unlock.scroll_cost.xuan,growth,xuan technique unlock scroll cost,3,ancient_scroll,cost,frozen_v1,洞天设计,"","","",V1参数
growth.technique.unlock.spirit_stone_cost.xuan,growth,xuan technique unlock stone cost,4000,spirit_stone,cost,frozen_v1,洞天设计,"","","",V1参数
growth.technique.unlock.scroll_cost.earth,growth,earth technique unlock scroll cost,5,ancient_scroll,cost,frozen_v1,洞天设计,"","","",V1参数
growth.technique.unlock.spirit_stone_cost.earth,growth,earth technique unlock stone cost,8000,spirit_stone,cost,frozen_v1,洞天设计,"","","",V1参数
growth.technique.unlock.scroll_cost.heaven,growth,heaven technique unlock scroll cost,8,ancient_scroll,cost,frozen_v1,洞天设计,"","","",V1参数
growth.technique.unlock.spirit_stone_cost.heaven,growth,heaven technique unlock stone cost,16000,spirit_stone,cost,frozen_v1,洞天设计,"","","",V1参数
growth.technique.unlock.scroll_cost.immortal,growth,immortal technique unlock scroll cost,13,ancient_scroll,cost,frozen_v1,洞天设计,"","","",V1参数
growth.technique.unlock.spirit_stone_cost.immortal,growth,immortal technique unlock stone cost,32000,spirit_stone,cost,frozen_v1,洞天设计,"","","",V1参数
growth.treasure.max_stars,growth,Treasure max stars,10,stars,constant,frozen_v1,洞天设计,"","","",V1参数
growth.treasure.duplicate_copies_per_star,growth,Treasure copies per star,1,copies,scalar,frozen_v1,洞天设计,"","","",V1参数
growth.treasure.qing_lian_lamp.attack_per_star,growth,Qing Lian Lamp attack per star,10,attack_per_star,scalar,frozen_v1,洞天设计,"","","",V1参数
growth.treasure.shan_he_seal.defence_per_star,growth,Shan He Seal defence per star,10,defence_per_star,scalar,frozen_v1,洞天设计,"","","",V1参数
growth.treasure.heaven_bag.production_bonus_per_star,growth,Heaven Bag production bonus per star,0.005,ratio_per_star,scalar,frozen_v1,洞天设计,"","","",V1参数
growth.treasure.qing_lian_lamp.element,growth,qing_lian_lamp element,wood,element,constant,frozen_v1,洞天设计,"",fixed collection element,"",法宝收藏五行
growth.treasure.shan_he_seal.element,growth,shan_he_seal element,earth,element,constant,frozen_v1,洞天设计,"",fixed collection element,"",法宝收藏五行
growth.treasure.heaven_bag.element,growth,heaven_bag element,neutral,element,constant,frozen_v1,洞天设计,"",fixed collection element,"",法宝收藏五行
growth.treasure.zhu_que_feather.element,growth,zhu_que_feather element,fire,element,constant,frozen_v1,洞天设计,"",fixed collection element,"",法宝收藏五行
growth.treasure.xuan_gui_shell.element,growth,xuan_gui_shell element,water,element,constant,frozen_v1,洞天设计,"",fixed collection element,"",法宝收藏五行
growth.treasure.tai_xu_mirror.element,growth,tai_xu_mirror element,metal,element,constant,frozen_v1,洞天设计,"",fixed collection element,"",法宝收藏五行
growth.treasure.zhu_que_feather.attack_per_star,growth,Zhu Que Feather attack per star,5,attack_per_star,scalar,frozen_v1,洞天设计,"",linear star effect,integer,新增法宝攻击
growth.treasure.xuan_gui_shell.health_per_star,growth,Xuan Gui Shell health per star,50,health_per_star,scalar,frozen_v1,洞天设计,"",linear star effect,integer,新增法宝生命
growth.treasure.tai_xu_mirror.speed_per_star,growth,Tai Xu Mirror speed per star,1,speed_per_star,scalar,frozen_v1,洞天设计,"",linear star effect,integer,新增法宝速度
growth.treasure.extension_archetype.star_lantern.attack_per_star,growth,star_lantern attack archetype per star,10,attack_per_star,scalar,frozen_v1,洞天设计,"",archetype base effect * realm scale,integer,扩展法宝攻击原型
growth.treasure.extension_archetype.star_lantern.defence_per_star,growth,star_lantern defence archetype per star,0,defence_per_star,scalar,frozen_v1,洞天设计,"",archetype base effect * realm scale,integer,扩展法宝防御原型
growth.treasure.extension_archetype.star_lantern.health_per_star,growth,star_lantern health archetype per star,0,health_per_star,scalar,frozen_v1,洞天设计,"",archetype base effect * realm scale,integer,扩展法宝生命原型
growth.treasure.extension_archetype.star_lantern.speed_per_star,growth,star_lantern speed archetype per star,0,speed_per_star,scalar,frozen_v1,洞天设计,"",archetype base effect * realm scale,integer,扩展法宝速度原型
growth.treasure.extension_archetype.star_lantern.production_bonus_per_star,growth,star_lantern production archetype per star,0,ratio_per_star,scalar,frozen_v1,洞天设计,"",archetype base effect * realm scale,4dp,扩展法宝生产原型
growth.treasure.extension_archetype.mountain_core.attack_per_star,growth,mountain_core attack archetype per star,0,attack_per_star,scalar,frozen_v1,洞天设计,"",archetype base effect * realm scale,integer,扩展法宝攻击原型
growth.treasure.extension_archetype.mountain_core.defence_per_star,growth,mountain_core defence archetype per star,10,defence_per_star,scalar,frozen_v1,洞天设计,"",archetype base effect * realm scale,integer,扩展法宝防御原型
growth.treasure.extension_archetype.mountain_core.health_per_star,growth,mountain_core health archetype per star,0,health_per_star,scalar,frozen_v1,洞天设计,"",archetype base effect * realm scale,integer,扩展法宝生命原型
growth.treasure.extension_archetype.mountain_core.speed_per_star,growth,mountain_core speed archetype per star,0,speed_per_star,scalar,frozen_v1,洞天设计,"",archetype base effect * realm scale,integer,扩展法宝速度原型
growth.treasure.extension_archetype.mountain_core.production_bonus_per_star,growth,mountain_core production archetype per star,0,ratio_per_star,scalar,frozen_v1,洞天设计,"",archetype base effect * realm scale,4dp,扩展法宝生产原型
growth.treasure.extension_archetype.heaven_vessel.attack_per_star,growth,heaven_vessel attack archetype per star,0,attack_per_star,scalar,frozen_v1,洞天设计,"",archetype base effect * realm scale,integer,扩展法宝攻击原型
growth.treasure.extension_archetype.heaven_vessel.defence_per_star,growth,heaven_vessel defence archetype per star,0,defence_per_star,scalar,frozen_v1,洞天设计,"",archetype base effect * realm scale,integer,扩展法宝防御原型
growth.treasure.extension_archetype.heaven_vessel.health_per_star,growth,heaven_vessel health archetype per star,50,health_per_star,scalar,frozen_v1,洞天设计,"",archetype base effect * realm scale,integer,扩展法宝生命原型
growth.treasure.extension_archetype.heaven_vessel.speed_per_star,growth,heaven_vessel speed archetype per star,0,speed_per_star,scalar,frozen_v1,洞天设计,"",archetype base effect * realm scale,integer,扩展法宝速度原型
growth.treasure.extension_archetype.heaven_vessel.production_bonus_per_star,growth,heaven_vessel production archetype per star,0,ratio_per_star,scalar,frozen_v1,洞天设计,"",archetype base effect * realm scale,4dp,扩展法宝生产原型
growth.treasure.extension_archetype.vermillion_wing.attack_per_star,growth,vermillion_wing attack archetype per star,10,attack_per_star,scalar,frozen_v1,洞天设计,"",archetype base effect * realm scale,integer,扩展法宝攻击原型
growth.treasure.extension_archetype.vermillion_wing.defence_per_star,growth,vermillion_wing defence archetype per star,0,defence_per_star,scalar,frozen_v1,洞天设计,"",archetype base effect * realm scale,integer,扩展法宝防御原型
growth.treasure.extension_archetype.vermillion_wing.health_per_star,growth,vermillion_wing health archetype per star,0,health_per_star,scalar,frozen_v1,洞天设计,"",archetype base effect * realm scale,integer,扩展法宝生命原型
growth.treasure.extension_archetype.vermillion_wing.speed_per_star,growth,vermillion_wing speed archetype per star,0,speed_per_star,scalar,frozen_v1,洞天设计,"",archetype base effect * realm scale,integer,扩展法宝速度原型
growth.treasure.extension_archetype.vermillion_wing.production_bonus_per_star,growth,vermillion_wing production archetype per star,0,ratio_per_star,scalar,frozen_v1,洞天设计,"",archetype base effect * realm scale,4dp,扩展法宝生产原型
growth.treasure.extension_archetype.tortoise_aegis.attack_per_star,growth,tortoise_aegis attack archetype per star,0,attack_per_star,scalar,frozen_v1,洞天设计,"",archetype base effect * realm scale,integer,扩展法宝攻击原型
growth.treasure.extension_archetype.tortoise_aegis.defence_per_star,growth,tortoise_aegis defence archetype per star,10,defence_per_star,scalar,frozen_v1,洞天设计,"",archetype base effect * realm scale,integer,扩展法宝防御原型
growth.treasure.extension_archetype.tortoise_aegis.health_per_star,growth,tortoise_aegis health archetype per star,0,health_per_star,scalar,frozen_v1,洞天设计,"",archetype base effect * realm scale,integer,扩展法宝生命原型
growth.treasure.extension_archetype.tortoise_aegis.speed_per_star,growth,tortoise_aegis speed archetype per star,0,speed_per_star,scalar,frozen_v1,洞天设计,"",archetype base effect * realm scale,integer,扩展法宝速度原型
growth.treasure.extension_archetype.tortoise_aegis.production_bonus_per_star,growth,tortoise_aegis production archetype per star,0,ratio_per_star,scalar,frozen_v1,洞天设计,"",archetype base effect * realm scale,4dp,扩展法宝生产原型
growth.treasure.extension_archetype.mirror_gate.attack_per_star,growth,mirror_gate attack archetype per star,0,attack_per_star,scalar,frozen_v1,洞天设计,"",archetype base effect * realm scale,integer,扩展法宝攻击原型
growth.treasure.extension_archetype.mirror_gate.defence_per_star,growth,mirror_gate defence archetype per star,0,defence_per_star,scalar,frozen_v1,洞天设计,"",archetype base effect * realm scale,integer,扩展法宝防御原型
growth.treasure.extension_archetype.mirror_gate.health_per_star,growth,mirror_gate health archetype per star,0,health_per_star,scalar,frozen_v1,洞天设计,"",archetype base effect * realm scale,integer,扩展法宝生命原型
growth.treasure.extension_archetype.mirror_gate.speed_per_star,growth,mirror_gate speed archetype per star,1,speed_per_star,scalar,frozen_v1,洞天设计,"",archetype base effect * realm scale,integer,扩展法宝速度原型
growth.treasure.extension_archetype.mirror_gate.production_bonus_per_star,growth,mirror_gate production archetype per star,0,ratio_per_star,scalar,frozen_v1,洞天设计,"",archetype base effect * realm scale,4dp,扩展法宝生产原型
growth.treasure.extension_archetype.thunder_sword.attack_per_star,growth,thunder_sword attack archetype per star,10,attack_per_star,scalar,frozen_v1,洞天设计,"",archetype base effect * realm scale,integer,扩展法宝攻击原型
growth.treasure.extension_archetype.thunder_sword.defence_per_star,growth,thunder_sword defence archetype per star,0,defence_per_star,scalar,frozen_v1,洞天设计,"",archetype base effect * realm scale,integer,扩展法宝防御原型
growth.treasure.extension_archetype.thunder_sword.health_per_star,growth,thunder_sword health archetype per star,0,health_per_star,scalar,frozen_v1,洞天设计,"",archetype base effect * realm scale,integer,扩展法宝生命原型
growth.treasure.extension_archetype.thunder_sword.speed_per_star,growth,thunder_sword speed archetype per star,0,speed_per_star,scalar,frozen_v1,洞天设计,"",archetype base effect * realm scale,integer,扩展法宝速度原型
growth.treasure.extension_archetype.thunder_sword.production_bonus_per_star,growth,thunder_sword production archetype per star,0,ratio_per_star,scalar,frozen_v1,洞天设计,"",archetype base effect * realm scale,4dp,扩展法宝生产原型
growth.treasure.extension_archetype.moon_wheel.attack_per_star,growth,moon_wheel attack archetype per star,0,attack_per_star,scalar,frozen_v1,洞天设计,"",archetype base effect * realm scale,integer,扩展法宝攻击原型
growth.treasure.extension_archetype.moon_wheel.defence_per_star,growth,moon_wheel defence archetype per star,10,defence_per_star,scalar,frozen_v1,洞天设计,"",archetype base effect * realm scale,integer,扩展法宝防御原型
growth.treasure.extension_archetype.moon_wheel.health_per_star,growth,moon_wheel health archetype per star,0,health_per_star,scalar,frozen_v1,洞天设计,"",archetype base effect * realm scale,integer,扩展法宝生命原型
growth.treasure.extension_archetype.moon_wheel.speed_per_star,growth,moon_wheel speed archetype per star,0,speed_per_star,scalar,frozen_v1,洞天设计,"",archetype base effect * realm scale,integer,扩展法宝速度原型
growth.treasure.extension_archetype.moon_wheel.production_bonus_per_star,growth,moon_wheel production archetype per star,0,ratio_per_star,scalar,frozen_v1,洞天设计,"",archetype base effect * realm scale,4dp,扩展法宝生产原型
growth.treasure.extension_archetype.cloud_seal.attack_per_star,growth,cloud_seal attack archetype per star,0,attack_per_star,scalar,frozen_v1,洞天设计,"",archetype base effect * realm scale,integer,扩展法宝攻击原型
growth.treasure.extension_archetype.cloud_seal.defence_per_star,growth,cloud_seal defence archetype per star,0,defence_per_star,scalar,frozen_v1,洞天设计,"",archetype base effect * realm scale,integer,扩展法宝防御原型
growth.treasure.extension_archetype.cloud_seal.health_per_star,growth,cloud_seal health archetype per star,50,health_per_star,scalar,frozen_v1,洞天设计,"",archetype base effect * realm scale,integer,扩展法宝生命原型
growth.treasure.extension_archetype.cloud_seal.speed_per_star,growth,cloud_seal speed archetype per star,0,speed_per_star,scalar,frozen_v1,洞天设计,"",archetype base effect * realm scale,integer,扩展法宝速度原型
growth.treasure.extension_archetype.cloud_seal.production_bonus_per_star,growth,cloud_seal production archetype per star,0,ratio_per_star,scalar,frozen_v1,洞天设计,"",archetype base effect * realm scale,4dp,扩展法宝生产原型
growth.treasure.extension_archetype.earth_dragon.attack_per_star,growth,earth_dragon attack archetype per star,0,attack_per_star,scalar,frozen_v1,洞天设计,"",archetype base effect * realm scale,integer,扩展法宝攻击原型
growth.treasure.extension_archetype.earth_dragon.defence_per_star,growth,earth_dragon defence archetype per star,10,defence_per_star,scalar,frozen_v1,洞天设计,"",archetype base effect * realm scale,integer,扩展法宝防御原型
growth.treasure.extension_archetype.earth_dragon.health_per_star,growth,earth_dragon health archetype per star,0,health_per_star,scalar,frozen_v1,洞天设计,"",archetype base effect * realm scale,integer,扩展法宝生命原型
growth.treasure.extension_archetype.earth_dragon.speed_per_star,growth,earth_dragon speed archetype per star,0,speed_per_star,scalar,frozen_v1,洞天设计,"",archetype base effect * realm scale,integer,扩展法宝速度原型
growth.treasure.extension_archetype.earth_dragon.production_bonus_per_star,growth,earth_dragon production archetype per star,0,ratio_per_star,scalar,frozen_v1,洞天设计,"",archetype base effect * realm scale,4dp,扩展法宝生产原型
growth.treasure.extension_archetype.spirit_compass.attack_per_star,growth,spirit_compass attack archetype per star,0,attack_per_star,scalar,frozen_v1,洞天设计,"",archetype base effect * realm scale,integer,扩展法宝攻击原型
growth.treasure.extension_archetype.spirit_compass.defence_per_star,growth,spirit_compass defence archetype per star,0,defence_per_star,scalar,frozen_v1,洞天设计,"",archetype base effect * realm scale,integer,扩展法宝防御原型
growth.treasure.extension_archetype.spirit_compass.health_per_star,growth,spirit_compass health archetype per star,0,health_per_star,scalar,frozen_v1,洞天设计,"",archetype base effect * realm scale,integer,扩展法宝生命原型
growth.treasure.extension_archetype.spirit_compass.speed_per_star,growth,spirit_compass speed archetype per star,1,speed_per_star,scalar,frozen_v1,洞天设计,"",archetype base effect * realm scale,integer,扩展法宝速度原型
growth.treasure.extension_archetype.spirit_compass.production_bonus_per_star,growth,spirit_compass production archetype per star,0,ratio_per_star,scalar,frozen_v1,洞天设计,"",archetype base effect * realm scale,4dp,扩展法宝生产原型
growth.treasure.extension_archetype.sun_crown.attack_per_star,growth,sun_crown attack archetype per star,10,attack_per_star,scalar,frozen_v1,洞天设计,"",archetype base effect * realm scale,integer,扩展法宝攻击原型
growth.treasure.extension_archetype.sun_crown.defence_per_star,growth,sun_crown defence archetype per star,0,defence_per_star,scalar,frozen_v1,洞天设计,"",archetype base effect * realm scale,integer,扩展法宝防御原型
growth.treasure.extension_archetype.sun_crown.health_per_star,growth,sun_crown health archetype per star,0,health_per_star,scalar,frozen_v1,洞天设计,"",archetype base effect * realm scale,integer,扩展法宝生命原型
growth.treasure.extension_archetype.sun_crown.speed_per_star,growth,sun_crown speed archetype per star,0,speed_per_star,scalar,frozen_v1,洞天设计,"",archetype base effect * realm scale,integer,扩展法宝速度原型
growth.treasure.extension_archetype.sun_crown.production_bonus_per_star,growth,sun_crown production archetype per star,0.005,ratio_per_star,scalar,frozen_v1,洞天设计,"",archetype base effect * realm scale,4dp,扩展法宝生产原型
growth.treasure.extension_pool.nascent_soul.effect_scale,growth,nascent_soul extension treasure effect scale,1,ratio,policy,frozen_v1,洞天设计,"",2^realm_index,integer,扩展法宝境界倍率
growth.treasure.extension_pool.nascent_soul.nascent_soul_01_star_lantern.archetype,growth,nascent_soul_01_star_lantern archetype,star_lantern,archetype,constant,frozen_v1,洞天设计,"",fixed extension object archetype,"",扩展法宝对象原型
growth.treasure.extension_pool.nascent_soul.nascent_soul_01_star_lantern.element,growth,nascent_soul_01_star_lantern element,metal,element,constant,frozen_v1,洞天设计,"",fixed extension object element,"",扩展法宝五行
dungeon.high_tier.nascent_soul.treasure_pool_weight.nascent_soul_01_star_lantern,dungeon,nascent_soul nascent_soul_01_star_lantern treasure pool weight,8.333333333333334,weight,probability,frozen_v1,洞天设计,"",equal extension pool weight,fraction,高阶法宝池权重
growth.treasure.extension_pool.nascent_soul.nascent_soul_02_mountain_core.archetype,growth,nascent_soul_02_mountain_core archetype,mountain_core,archetype,constant,frozen_v1,洞天设计,"",fixed extension object archetype,"",扩展法宝对象原型
growth.treasure.extension_pool.nascent_soul.nascent_soul_02_mountain_core.element,growth,nascent_soul_02_mountain_core element,wood,element,constant,frozen_v1,洞天设计,"",fixed extension object element,"",扩展法宝五行
dungeon.high_tier.nascent_soul.treasure_pool_weight.nascent_soul_02_mountain_core,dungeon,nascent_soul nascent_soul_02_mountain_core treasure pool weight,8.333333333333334,weight,probability,frozen_v1,洞天设计,"",equal extension pool weight,fraction,高阶法宝池权重
growth.treasure.extension_pool.nascent_soul.nascent_soul_03_heaven_vessel.archetype,growth,nascent_soul_03_heaven_vessel archetype,heaven_vessel,archetype,constant,frozen_v1,洞天设计,"",fixed extension object archetype,"",扩展法宝对象原型
growth.treasure.extension_pool.nascent_soul.nascent_soul_03_heaven_vessel.element,growth,nascent_soul_03_heaven_vessel element,earth,element,constant,frozen_v1,洞天设计,"",fixed extension object element,"",扩展法宝五行
dungeon.high_tier.nascent_soul.treasure_pool_weight.nascent_soul_03_heaven_vessel,dungeon,nascent_soul nascent_soul_03_heaven_vessel treasure pool weight,8.333333333333334,weight,probability,frozen_v1,洞天设计,"",equal extension pool weight,fraction,高阶法宝池权重
growth.treasure.extension_pool.nascent_soul.nascent_soul_04_vermillion_wing.archetype,growth,nascent_soul_04_vermillion_wing archetype,vermillion_wing,archetype,constant,frozen_v1,洞天设计,"",fixed extension object archetype,"",扩展法宝对象原型
growth.treasure.extension_pool.nascent_soul.nascent_soul_04_vermillion_wing.element,growth,nascent_soul_04_vermillion_wing element,water,element,constant,frozen_v1,洞天设计,"",fixed extension object element,"",扩展法宝五行
dungeon.high_tier.nascent_soul.treasure_pool_weight.nascent_soul_04_vermillion_wing,dungeon,nascent_soul nascent_soul_04_vermillion_wing treasure pool weight,8.333333333333334,weight,probability,frozen_v1,洞天设计,"",equal extension pool weight,fraction,高阶法宝池权重
growth.treasure.extension_pool.nascent_soul.nascent_soul_05_tortoise_aegis.archetype,growth,nascent_soul_05_tortoise_aegis archetype,tortoise_aegis,archetype,constant,frozen_v1,洞天设计,"",fixed extension object archetype,"",扩展法宝对象原型
growth.treasure.extension_pool.nascent_soul.nascent_soul_05_tortoise_aegis.element,growth,nascent_soul_05_tortoise_aegis element,fire,element,constant,frozen_v1,洞天设计,"",fixed extension object element,"",扩展法宝五行
dungeon.high_tier.nascent_soul.treasure_pool_weight.nascent_soul_05_tortoise_aegis,dungeon,nascent_soul nascent_soul_05_tortoise_aegis treasure pool weight,8.333333333333334,weight,probability,frozen_v1,洞天设计,"",equal extension pool weight,fraction,高阶法宝池权重
growth.treasure.extension_pool.nascent_soul.nascent_soul_06_mirror_gate.archetype,growth,nascent_soul_06_mirror_gate archetype,mirror_gate,archetype,constant,frozen_v1,洞天设计,"",fixed extension object archetype,"",扩展法宝对象原型
growth.treasure.extension_pool.nascent_soul.nascent_soul_06_mirror_gate.element,growth,nascent_soul_06_mirror_gate element,neutral,element,constant,frozen_v1,洞天设计,"",fixed extension object element,"",扩展法宝五行
dungeon.high_tier.nascent_soul.treasure_pool_weight.nascent_soul_06_mirror_gate,dungeon,nascent_soul nascent_soul_06_mirror_gate treasure pool weight,8.333333333333334,weight,probability,frozen_v1,洞天设计,"",equal extension pool weight,fraction,高阶法宝池权重
growth.treasure.extension_pool.nascent_soul.nascent_soul_07_thunder_sword.archetype,growth,nascent_soul_07_thunder_sword archetype,thunder_sword,archetype,constant,frozen_v1,洞天设计,"",fixed extension object archetype,"",扩展法宝对象原型
growth.treasure.extension_pool.nascent_soul.nascent_soul_07_thunder_sword.element,growth,nascent_soul_07_thunder_sword element,metal,element,constant,frozen_v1,洞天设计,"",fixed extension object element,"",扩展法宝五行
dungeon.high_tier.nascent_soul.treasure_pool_weight.nascent_soul_07_thunder_sword,dungeon,nascent_soul nascent_soul_07_thunder_sword treasure pool weight,8.333333333333334,weight,probability,frozen_v1,洞天设计,"",equal extension pool weight,fraction,高阶法宝池权重
growth.treasure.extension_pool.nascent_soul.nascent_soul_08_moon_wheel.archetype,growth,nascent_soul_08_moon_wheel archetype,moon_wheel,archetype,constant,frozen_v1,洞天设计,"",fixed extension object archetype,"",扩展法宝对象原型
growth.treasure.extension_pool.nascent_soul.nascent_soul_08_moon_wheel.element,growth,nascent_soul_08_moon_wheel element,wood,element,constant,frozen_v1,洞天设计,"",fixed extension object element,"",扩展法宝五行
dungeon.high_tier.nascent_soul.treasure_pool_weight.nascent_soul_08_moon_wheel,dungeon,nascent_soul nascent_soul_08_moon_wheel treasure pool weight,8.333333333333334,weight,probability,frozen_v1,洞天设计,"",equal extension pool weight,fraction,高阶法宝池权重
growth.treasure.extension_pool.nascent_soul.nascent_soul_09_cloud_seal.archetype,growth,nascent_soul_09_cloud_seal archetype,cloud_seal,archetype,constant,frozen_v1,洞天设计,"",fixed extension object archetype,"",扩展法宝对象原型
growth.treasure.extension_pool.nascent_soul.nascent_soul_09_cloud_seal.element,growth,nascent_soul_09_cloud_seal element,earth,element,constant,frozen_v1,洞天设计,"",fixed extension object element,"",扩展法宝五行
dungeon.high_tier.nascent_soul.treasure_pool_weight.nascent_soul_09_cloud_seal,dungeon,nascent_soul nascent_soul_09_cloud_seal treasure pool weight,8.333333333333334,weight,probability,frozen_v1,洞天设计,"",equal extension pool weight,fraction,高阶法宝池权重
growth.treasure.extension_pool.nascent_soul.nascent_soul_10_earth_dragon.archetype,growth,nascent_soul_10_earth_dragon archetype,earth_dragon,archetype,constant,frozen_v1,洞天设计,"",fixed extension object archetype,"",扩展法宝对象原型
growth.treasure.extension_pool.nascent_soul.nascent_soul_10_earth_dragon.element,growth,nascent_soul_10_earth_dragon element,water,element,constant,frozen_v1,洞天设计,"",fixed extension object element,"",扩展法宝五行
dungeon.high_tier.nascent_soul.treasure_pool_weight.nascent_soul_10_earth_dragon,dungeon,nascent_soul nascent_soul_10_earth_dragon treasure pool weight,8.333333333333334,weight,probability,frozen_v1,洞天设计,"",equal extension pool weight,fraction,高阶法宝池权重
growth.treasure.extension_pool.nascent_soul.nascent_soul_11_spirit_compass.archetype,growth,nascent_soul_11_spirit_compass archetype,spirit_compass,archetype,constant,frozen_v1,洞天设计,"",fixed extension object archetype,"",扩展法宝对象原型
growth.treasure.extension_pool.nascent_soul.nascent_soul_11_spirit_compass.element,growth,nascent_soul_11_spirit_compass element,fire,element,constant,frozen_v1,洞天设计,"",fixed extension object element,"",扩展法宝五行
dungeon.high_tier.nascent_soul.treasure_pool_weight.nascent_soul_11_spirit_compass,dungeon,nascent_soul nascent_soul_11_spirit_compass treasure pool weight,8.333333333333334,weight,probability,frozen_v1,洞天设计,"",equal extension pool weight,fraction,高阶法宝池权重
growth.treasure.extension_pool.nascent_soul.nascent_soul_12_sun_crown.archetype,growth,nascent_soul_12_sun_crown archetype,sun_crown,archetype,constant,frozen_v1,洞天设计,"",fixed extension object archetype,"",扩展法宝对象原型
growth.treasure.extension_pool.nascent_soul.nascent_soul_12_sun_crown.element,growth,nascent_soul_12_sun_crown element,neutral,element,constant,frozen_v1,洞天设计,"",fixed extension object element,"",扩展法宝五行
dungeon.high_tier.nascent_soul.treasure_pool_weight.nascent_soul_12_sun_crown,dungeon,nascent_soul nascent_soul_12_sun_crown treasure pool weight,8.333333333333334,weight,probability,frozen_v1,洞天设计,"",equal extension pool weight,fraction,高阶法宝池权重
dungeon.high_tier.nascent_soul.treasure_drop_chance,dungeon,nascent_soul high-tier treasure drop chance,5,percent,probability,frozen_v1,洞天设计,"",hourly independent roll,percent,高阶远征扩展法宝掉率
dungeon.high_tier.nascent_soul.treasure_pity_hours,dungeon,nascent_soul high-tier treasure pity hours,50,hours,policy,frozen_v1,洞天设计,"",guarantee by Nth expedition hour,integer,高阶远征扩展法宝保底
dungeon.high_tier.nascent_soul.entry_profile.collected_p10.attack,dungeon,nascent_soul collected P10 entry attack,365.0,attack,derived,frozen_v1,洞天设计,"",100-seed collected-extension profile P10 gate,1dp,高阶远征 P10 构筑入口门槛
dungeon.high_tier.nascent_soul.entry_profile.collected_p10.defence,dungeon,nascent_soul collected P10 entry defence,292.5,defence,derived,frozen_v1,洞天设计,"",100-seed collected-extension profile P10 gate,1dp,高阶远征 P10 构筑入口门槛
dungeon.high_tier.nascent_soul.entry_profile.collected_p10.health,dungeon,nascent_soul collected P10 entry health,2850.0,health,derived,frozen_v1,洞天设计,"",100-seed collected-extension profile P10 gate,1dp,高阶远征 P10 构筑入口门槛
dungeon.high_tier.nascent_soul.boss_hp_multiplier,dungeon,nascent_soul high-tier Boss HP multiplier,1.3,ratio,policy,frozen_v1,洞天设计,"",growth-profile baseline HP * realm multiplier,2dp,扩展法宝成长后的高阶 Boss 生命重标定
dungeon.high_tier.nascent_soul.signature_skill.cooldown_seconds,dungeon,nascent_soul signature skill cooldown,300,seconds,policy,frozen_v1,洞天设计,"",fixed realm skill cooldown,integer,境界专属 Boss 技能冷却
dungeon.high_tier.nascent_soul.signature_skill.duration_seconds,dungeon,nascent_soul signature skill duration,2,seconds,scalar,frozen_v1,洞天设计,"",outgoing damage suppression window,integer,境界专属 Boss 技能持续时间
dungeon.high_tier.nascent_soul.signature_skill.attack_suppression_percent,dungeon,nascent_soul signature skill attack suppression,15,percent,scalar,frozen_v1,洞天设计,"",reduces player outgoing damage while active,integer,境界专属 Boss 技能压制强度
growth.treasure.extension_pool.divine_transformation.effect_scale,growth,divine_transformation extension treasure effect scale,2,ratio,policy,frozen_v1,洞天设计,"",2^realm_index,integer,扩展法宝境界倍率
growth.treasure.extension_pool.divine_transformation.divine_transformation_01_star_lantern.archetype,growth,divine_transformation_01_star_lantern archetype,star_lantern,archetype,constant,frozen_v1,洞天设计,"",fixed extension object archetype,"",扩展法宝对象原型
growth.treasure.extension_pool.divine_transformation.divine_transformation_01_star_lantern.element,growth,divine_transformation_01_star_lantern element,metal,element,constant,frozen_v1,洞天设计,"",fixed extension object element,"",扩展法宝五行
dungeon.high_tier.divine_transformation.treasure_pool_weight.divine_transformation_01_star_lantern,dungeon,divine_transformation divine_transformation_01_star_lantern treasure pool weight,8.333333333333334,weight,probability,frozen_v1,洞天设计,"",equal extension pool weight,fraction,高阶法宝池权重
growth.treasure.extension_pool.divine_transformation.divine_transformation_02_mountain_core.archetype,growth,divine_transformation_02_mountain_core archetype,mountain_core,archetype,constant,frozen_v1,洞天设计,"",fixed extension object archetype,"",扩展法宝对象原型
growth.treasure.extension_pool.divine_transformation.divine_transformation_02_mountain_core.element,growth,divine_transformation_02_mountain_core element,wood,element,constant,frozen_v1,洞天设计,"",fixed extension object element,"",扩展法宝五行
dungeon.high_tier.divine_transformation.treasure_pool_weight.divine_transformation_02_mountain_core,dungeon,divine_transformation divine_transformation_02_mountain_core treasure pool weight,8.333333333333334,weight,probability,frozen_v1,洞天设计,"",equal extension pool weight,fraction,高阶法宝池权重
growth.treasure.extension_pool.divine_transformation.divine_transformation_03_heaven_vessel.archetype,growth,divine_transformation_03_heaven_vessel archetype,heaven_vessel,archetype,constant,frozen_v1,洞天设计,"",fixed extension object archetype,"",扩展法宝对象原型
growth.treasure.extension_pool.divine_transformation.divine_transformation_03_heaven_vessel.element,growth,divine_transformation_03_heaven_vessel element,earth,element,constant,frozen_v1,洞天设计,"",fixed extension object element,"",扩展法宝五行
dungeon.high_tier.divine_transformation.treasure_pool_weight.divine_transformation_03_heaven_vessel,dungeon,divine_transformation divine_transformation_03_heaven_vessel treasure pool weight,8.333333333333334,weight,probability,frozen_v1,洞天设计,"",equal extension pool weight,fraction,高阶法宝池权重
growth.treasure.extension_pool.divine_transformation.divine_transformation_04_vermillion_wing.archetype,growth,divine_transformation_04_vermillion_wing archetype,vermillion_wing,archetype,constant,frozen_v1,洞天设计,"",fixed extension object archetype,"",扩展法宝对象原型
growth.treasure.extension_pool.divine_transformation.divine_transformation_04_vermillion_wing.element,growth,divine_transformation_04_vermillion_wing element,water,element,constant,frozen_v1,洞天设计,"",fixed extension object element,"",扩展法宝五行
dungeon.high_tier.divine_transformation.treasure_pool_weight.divine_transformation_04_vermillion_wing,dungeon,divine_transformation divine_transformation_04_vermillion_wing treasure pool weight,8.333333333333334,weight,probability,frozen_v1,洞天设计,"",equal extension pool weight,fraction,高阶法宝池权重
growth.treasure.extension_pool.divine_transformation.divine_transformation_05_tortoise_aegis.archetype,growth,divine_transformation_05_tortoise_aegis archetype,tortoise_aegis,archetype,constant,frozen_v1,洞天设计,"",fixed extension object archetype,"",扩展法宝对象原型
growth.treasure.extension_pool.divine_transformation.divine_transformation_05_tortoise_aegis.element,growth,divine_transformation_05_tortoise_aegis element,fire,element,constant,frozen_v1,洞天设计,"",fixed extension object element,"",扩展法宝五行
dungeon.high_tier.divine_transformation.treasure_pool_weight.divine_transformation_05_tortoise_aegis,dungeon,divine_transformation divine_transformation_05_tortoise_aegis treasure pool weight,8.333333333333334,weight,probability,frozen_v1,洞天设计,"",equal extension pool weight,fraction,高阶法宝池权重
growth.treasure.extension_pool.divine_transformation.divine_transformation_06_mirror_gate.archetype,growth,divine_transformation_06_mirror_gate archetype,mirror_gate,archetype,constant,frozen_v1,洞天设计,"",fixed extension object archetype,"",扩展法宝对象原型
growth.treasure.extension_pool.divine_transformation.divine_transformation_06_mirror_gate.element,growth,divine_transformation_06_mirror_gate element,neutral,element,constant,frozen_v1,洞天设计,"",fixed extension object element,"",扩展法宝五行
dungeon.high_tier.divine_transformation.treasure_pool_weight.divine_transformation_06_mirror_gate,dungeon,divine_transformation divine_transformation_06_mirror_gate treasure pool weight,8.333333333333334,weight,probability,frozen_v1,洞天设计,"",equal extension pool weight,fraction,高阶法宝池权重
growth.treasure.extension_pool.divine_transformation.divine_transformation_07_thunder_sword.archetype,growth,divine_transformation_07_thunder_sword archetype,thunder_sword,archetype,constant,frozen_v1,洞天设计,"",fixed extension object archetype,"",扩展法宝对象原型
growth.treasure.extension_pool.divine_transformation.divine_transformation_07_thunder_sword.element,growth,divine_transformation_07_thunder_sword element,metal,element,constant,frozen_v1,洞天设计,"",fixed extension object element,"",扩展法宝五行
dungeon.high_tier.divine_transformation.treasure_pool_weight.divine_transformation_07_thunder_sword,dungeon,divine_transformation divine_transformation_07_thunder_sword treasure pool weight,8.333333333333334,weight,probability,frozen_v1,洞天设计,"",equal extension pool weight,fraction,高阶法宝池权重
growth.treasure.extension_pool.divine_transformation.divine_transformation_08_moon_wheel.archetype,growth,divine_transformation_08_moon_wheel archetype,moon_wheel,archetype,constant,frozen_v1,洞天设计,"",fixed extension object archetype,"",扩展法宝对象原型
growth.treasure.extension_pool.divine_transformation.divine_transformation_08_moon_wheel.element,growth,divine_transformation_08_moon_wheel element,wood,element,constant,frozen_v1,洞天设计,"",fixed extension object element,"",扩展法宝五行
dungeon.high_tier.divine_transformation.treasure_pool_weight.divine_transformation_08_moon_wheel,dungeon,divine_transformation divine_transformation_08_moon_wheel treasure pool weight,8.333333333333334,weight,probability,frozen_v1,洞天设计,"",equal extension pool weight,fraction,高阶法宝池权重
growth.treasure.extension_pool.divine_transformation.divine_transformation_09_cloud_seal.archetype,growth,divine_transformation_09_cloud_seal archetype,cloud_seal,archetype,constant,frozen_v1,洞天设计,"",fixed extension object archetype,"",扩展法宝对象原型
growth.treasure.extension_pool.divine_transformation.divine_transformation_09_cloud_seal.element,growth,divine_transformation_09_cloud_seal element,earth,element,constant,frozen_v1,洞天设计,"",fixed extension object element,"",扩展法宝五行
dungeon.high_tier.divine_transformation.treasure_pool_weight.divine_transformation_09_cloud_seal,dungeon,divine_transformation divine_transformation_09_cloud_seal treasure pool weight,8.333333333333334,weight,probability,frozen_v1,洞天设计,"",equal extension pool weight,fraction,高阶法宝池权重
growth.treasure.extension_pool.divine_transformation.divine_transformation_10_earth_dragon.archetype,growth,divine_transformation_10_earth_dragon archetype,earth_dragon,archetype,constant,frozen_v1,洞天设计,"",fixed extension object archetype,"",扩展法宝对象原型
growth.treasure.extension_pool.divine_transformation.divine_transformation_10_earth_dragon.element,growth,divine_transformation_10_earth_dragon element,water,element,constant,frozen_v1,洞天设计,"",fixed extension object element,"",扩展法宝五行
dungeon.high_tier.divine_transformation.treasure_pool_weight.divine_transformation_10_earth_dragon,dungeon,divine_transformation divine_transformation_10_earth_dragon treasure pool weight,8.333333333333334,weight,probability,frozen_v1,洞天设计,"",equal extension pool weight,fraction,高阶法宝池权重
growth.treasure.extension_pool.divine_transformation.divine_transformation_11_spirit_compass.archetype,growth,divine_transformation_11_spirit_compass archetype,spirit_compass,archetype,constant,frozen_v1,洞天设计,"",fixed extension object archetype,"",扩展法宝对象原型
growth.treasure.extension_pool.divine_transformation.divine_transformation_11_spirit_compass.element,growth,divine_transformation_11_spirit_compass element,fire,element,constant,frozen_v1,洞天设计,"",fixed extension object element,"",扩展法宝五行
dungeon.high_tier.divine_transformation.treasure_pool_weight.divine_transformation_11_spirit_compass,dungeon,divine_transformation divine_transformation_11_spirit_compass treasure pool weight,8.333333333333334,weight,probability,frozen_v1,洞天设计,"",equal extension pool weight,fraction,高阶法宝池权重
growth.treasure.extension_pool.divine_transformation.divine_transformation_12_sun_crown.archetype,growth,divine_transformation_12_sun_crown archetype,sun_crown,archetype,constant,frozen_v1,洞天设计,"",fixed extension object archetype,"",扩展法宝对象原型
growth.treasure.extension_pool.divine_transformation.divine_transformation_12_sun_crown.element,growth,divine_transformation_12_sun_crown element,neutral,element,constant,frozen_v1,洞天设计,"",fixed extension object element,"",扩展法宝五行
dungeon.high_tier.divine_transformation.treasure_pool_weight.divine_transformation_12_sun_crown,dungeon,divine_transformation divine_transformation_12_sun_crown treasure pool weight,8.333333333333334,weight,probability,frozen_v1,洞天设计,"",equal extension pool weight,fraction,高阶法宝池权重
dungeon.high_tier.divine_transformation.treasure_drop_chance,dungeon,divine_transformation high-tier treasure drop chance,5,percent,probability,frozen_v1,洞天设计,"",hourly independent roll,percent,高阶远征扩展法宝掉率
dungeon.high_tier.divine_transformation.treasure_pity_hours,dungeon,divine_transformation high-tier treasure pity hours,50,hours,policy,frozen_v1,洞天设计,"",guarantee by Nth expedition hour,integer,高阶远征扩展法宝保底
dungeon.high_tier.divine_transformation.entry_profile.collected_p10.attack,dungeon,divine_transformation collected P10 entry attack,735.0,attack,derived,frozen_v1,洞天设计,"",100-seed collected-extension profile P10 gate,1dp,高阶远征 P10 构筑入口门槛
dungeon.high_tier.divine_transformation.entry_profile.collected_p10.defence,dungeon,divine_transformation collected P10 entry defence,542.5,defence,derived,frozen_v1,洞天设计,"",100-seed collected-extension profile P10 gate,1dp,高阶远征 P10 构筑入口门槛
dungeon.high_tier.divine_transformation.entry_profile.collected_p10.health,dungeon,divine_transformation collected P10 entry health,3300.0,health,derived,frozen_v1,洞天设计,"",100-seed collected-extension profile P10 gate,1dp,高阶远征 P10 构筑入口门槛
dungeon.high_tier.divine_transformation.boss_hp_multiplier,dungeon,divine_transformation high-tier Boss HP multiplier,3.0,ratio,policy,frozen_v1,洞天设计,"",growth-profile baseline HP * realm multiplier,2dp,扩展法宝成长后的高阶 Boss 生命重标定
dungeon.high_tier.divine_transformation.signature_skill.cooldown_seconds,dungeon,divine_transformation signature skill cooldown,300,seconds,policy,frozen_v1,洞天设计,"",fixed realm skill cooldown,integer,境界专属 Boss 技能冷却
dungeon.high_tier.divine_transformation.signature_skill.duration_seconds,dungeon,divine_transformation signature skill duration,3,seconds,scalar,frozen_v1,洞天设计,"",outgoing damage suppression window,integer,境界专属 Boss 技能持续时间
dungeon.high_tier.divine_transformation.signature_skill.attack_suppression_percent,dungeon,divine_transformation signature skill attack suppression,20,percent,scalar,frozen_v1,洞天设计,"",reduces player outgoing damage while active,integer,境界专属 Boss 技能压制强度
growth.treasure.extension_pool.void_refining.effect_scale,growth,void_refining extension treasure effect scale,4,ratio,policy,frozen_v1,洞天设计,"",2^realm_index,integer,扩展法宝境界倍率
growth.treasure.extension_pool.void_refining.void_refining_01_star_lantern.archetype,growth,void_refining_01_star_lantern archetype,star_lantern,archetype,constant,frozen_v1,洞天设计,"",fixed extension object archetype,"",扩展法宝对象原型
growth.treasure.extension_pool.void_refining.void_refining_01_star_lantern.element,growth,void_refining_01_star_lantern element,metal,element,constant,frozen_v1,洞天设计,"",fixed extension object element,"",扩展法宝五行
dungeon.high_tier.void_refining.treasure_pool_weight.void_refining_01_star_lantern,dungeon,void_refining void_refining_01_star_lantern treasure pool weight,8.333333333333334,weight,probability,frozen_v1,洞天设计,"",equal extension pool weight,fraction,高阶法宝池权重
growth.treasure.extension_pool.void_refining.void_refining_02_mountain_core.archetype,growth,void_refining_02_mountain_core archetype,mountain_core,archetype,constant,frozen_v1,洞天设计,"",fixed extension object archetype,"",扩展法宝对象原型
growth.treasure.extension_pool.void_refining.void_refining_02_mountain_core.element,growth,void_refining_02_mountain_core element,wood,element,constant,frozen_v1,洞天设计,"",fixed extension object element,"",扩展法宝五行
dungeon.high_tier.void_refining.treasure_pool_weight.void_refining_02_mountain_core,dungeon,void_refining void_refining_02_mountain_core treasure pool weight,8.333333333333334,weight,probability,frozen_v1,洞天设计,"",equal extension pool weight,fraction,高阶法宝池权重
growth.treasure.extension_pool.void_refining.void_refining_03_heaven_vessel.archetype,growth,void_refining_03_heaven_vessel archetype,heaven_vessel,archetype,constant,frozen_v1,洞天设计,"",fixed extension object archetype,"",扩展法宝对象原型
growth.treasure.extension_pool.void_refining.void_refining_03_heaven_vessel.element,growth,void_refining_03_heaven_vessel element,earth,element,constant,frozen_v1,洞天设计,"",fixed extension object element,"",扩展法宝五行
dungeon.high_tier.void_refining.treasure_pool_weight.void_refining_03_heaven_vessel,dungeon,void_refining void_refining_03_heaven_vessel treasure pool weight,8.333333333333334,weight,probability,frozen_v1,洞天设计,"",equal extension pool weight,fraction,高阶法宝池权重
growth.treasure.extension_pool.void_refining.void_refining_04_vermillion_wing.archetype,growth,void_refining_04_vermillion_wing archetype,vermillion_wing,archetype,constant,frozen_v1,洞天设计,"",fixed extension object archetype,"",扩展法宝对象原型
growth.treasure.extension_pool.void_refining.void_refining_04_vermillion_wing.element,growth,void_refining_04_vermillion_wing element,water,element,constant,frozen_v1,洞天设计,"",fixed extension object element,"",扩展法宝五行
dungeon.high_tier.void_refining.treasure_pool_weight.void_refining_04_vermillion_wing,dungeon,void_refining void_refining_04_vermillion_wing treasure pool weight,8.333333333333334,weight,probability,frozen_v1,洞天设计,"",equal extension pool weight,fraction,高阶法宝池权重
growth.treasure.extension_pool.void_refining.void_refining_05_tortoise_aegis.archetype,growth,void_refining_05_tortoise_aegis archetype,tortoise_aegis,archetype,constant,frozen_v1,洞天设计,"",fixed extension object archetype,"",扩展法宝对象原型
growth.treasure.extension_pool.void_refining.void_refining_05_tortoise_aegis.element,growth,void_refining_05_tortoise_aegis element,fire,element,constant,frozen_v1,洞天设计,"",fixed extension object element,"",扩展法宝五行
dungeon.high_tier.void_refining.treasure_pool_weight.void_refining_05_tortoise_aegis,dungeon,void_refining void_refining_05_tortoise_aegis treasure pool weight,8.333333333333334,weight,probability,frozen_v1,洞天设计,"",equal extension pool weight,fraction,高阶法宝池权重
growth.treasure.extension_pool.void_refining.void_refining_06_mirror_gate.archetype,growth,void_refining_06_mirror_gate archetype,mirror_gate,archetype,constant,frozen_v1,洞天设计,"",fixed extension object archetype,"",扩展法宝对象原型
growth.treasure.extension_pool.void_refining.void_refining_06_mirror_gate.element,growth,void_refining_06_mirror_gate element,neutral,element,constant,frozen_v1,洞天设计,"",fixed extension object element,"",扩展法宝五行
dungeon.high_tier.void_refining.treasure_pool_weight.void_refining_06_mirror_gate,dungeon,void_refining void_refining_06_mirror_gate treasure pool weight,8.333333333333334,weight,probability,frozen_v1,洞天设计,"",equal extension pool weight,fraction,高阶法宝池权重
growth.treasure.extension_pool.void_refining.void_refining_07_thunder_sword.archetype,growth,void_refining_07_thunder_sword archetype,thunder_sword,archetype,constant,frozen_v1,洞天设计,"",fixed extension object archetype,"",扩展法宝对象原型
growth.treasure.extension_pool.void_refining.void_refining_07_thunder_sword.element,growth,void_refining_07_thunder_sword element,metal,element,constant,frozen_v1,洞天设计,"",fixed extension object element,"",扩展法宝五行
dungeon.high_tier.void_refining.treasure_pool_weight.void_refining_07_thunder_sword,dungeon,void_refining void_refining_07_thunder_sword treasure pool weight,8.333333333333334,weight,probability,frozen_v1,洞天设计,"",equal extension pool weight,fraction,高阶法宝池权重
growth.treasure.extension_pool.void_refining.void_refining_08_moon_wheel.archetype,growth,void_refining_08_moon_wheel archetype,moon_wheel,archetype,constant,frozen_v1,洞天设计,"",fixed extension object archetype,"",扩展法宝对象原型
growth.treasure.extension_pool.void_refining.void_refining_08_moon_wheel.element,growth,void_refining_08_moon_wheel element,wood,element,constant,frozen_v1,洞天设计,"",fixed extension object element,"",扩展法宝五行
dungeon.high_tier.void_refining.treasure_pool_weight.void_refining_08_moon_wheel,dungeon,void_refining void_refining_08_moon_wheel treasure pool weight,8.333333333333334,weight,probability,frozen_v1,洞天设计,"",equal extension pool weight,fraction,高阶法宝池权重
growth.treasure.extension_pool.void_refining.void_refining_09_cloud_seal.archetype,growth,void_refining_09_cloud_seal archetype,cloud_seal,archetype,constant,frozen_v1,洞天设计,"",fixed extension object archetype,"",扩展法宝对象原型
growth.treasure.extension_pool.void_refining.void_refining_09_cloud_seal.element,growth,void_refining_09_cloud_seal element,earth,element,constant,frozen_v1,洞天设计,"",fixed extension object element,"",扩展法宝五行
dungeon.high_tier.void_refining.treasure_pool_weight.void_refining_09_cloud_seal,dungeon,void_refining void_refining_09_cloud_seal treasure pool weight,8.333333333333334,weight,probability,frozen_v1,洞天设计,"",equal extension pool weight,fraction,高阶法宝池权重
growth.treasure.extension_pool.void_refining.void_refining_10_earth_dragon.archetype,growth,void_refining_10_earth_dragon archetype,earth_dragon,archetype,constant,frozen_v1,洞天设计,"",fixed extension object archetype,"",扩展法宝对象原型
growth.treasure.extension_pool.void_refining.void_refining_10_earth_dragon.element,growth,void_refining_10_earth_dragon element,water,element,constant,frozen_v1,洞天设计,"",fixed extension object element,"",扩展法宝五行
dungeon.high_tier.void_refining.treasure_pool_weight.void_refining_10_earth_dragon,dungeon,void_refining void_refining_10_earth_dragon treasure pool weight,8.333333333333334,weight,probability,frozen_v1,洞天设计,"",equal extension pool weight,fraction,高阶法宝池权重
growth.treasure.extension_pool.void_refining.void_refining_11_spirit_compass.archetype,growth,void_refining_11_spirit_compass archetype,spirit_compass,archetype,constant,frozen_v1,洞天设计,"",fixed extension object archetype,"",扩展法宝对象原型
growth.treasure.extension_pool.void_refining.void_refining_11_spirit_compass.element,growth,void_refining_11_spirit_compass element,fire,element,constant,frozen_v1,洞天设计,"",fixed extension object element,"",扩展法宝五行
dungeon.high_tier.void_refining.treasure_pool_weight.void_refining_11_spirit_compass,dungeon,void_refining void_refining_11_spirit_compass treasure pool weight,8.333333333333334,weight,probability,frozen_v1,洞天设计,"",equal extension pool weight,fraction,高阶法宝池权重
growth.treasure.extension_pool.void_refining.void_refining_12_sun_crown.archetype,growth,void_refining_12_sun_crown archetype,sun_crown,archetype,constant,frozen_v1,洞天设计,"",fixed extension object archetype,"",扩展法宝对象原型
growth.treasure.extension_pool.void_refining.void_refining_12_sun_crown.element,growth,void_refining_12_sun_crown element,neutral,element,constant,frozen_v1,洞天设计,"",fixed extension object element,"",扩展法宝五行
dungeon.high_tier.void_refining.treasure_pool_weight.void_refining_12_sun_crown,dungeon,void_refining void_refining_12_sun_crown treasure pool weight,8.333333333333334,weight,probability,frozen_v1,洞天设计,"",equal extension pool weight,fraction,高阶法宝池权重
dungeon.high_tier.void_refining.treasure_drop_chance,dungeon,void_refining high-tier treasure drop chance,5,percent,probability,frozen_v1,洞天设计,"",hourly independent roll,percent,高阶远征扩展法宝掉率
dungeon.high_tier.void_refining.treasure_pity_hours,dungeon,void_refining high-tier treasure pity hours,50,hours,policy,frozen_v1,洞天设计,"",guarantee by Nth expedition hour,integer,高阶远征扩展法宝保底
dungeon.high_tier.void_refining.entry_profile.collected_p10.attack,dungeon,void_refining collected P10 entry attack,2275.0,attack,derived,frozen_v1,洞天设计,"",100-seed collected-extension profile P10 gate,1dp,高阶远征 P10 构筑入口门槛
dungeon.high_tier.void_refining.entry_profile.collected_p10.defence,dungeon,void_refining collected P10 entry defence,2042.5,defence,derived,frozen_v1,洞天设计,"",100-seed collected-extension profile P10 gate,1dp,高阶远征 P10 构筑入口门槛
dungeon.high_tier.void_refining.entry_profile.collected_p10.health,dungeon,void_refining collected P10 entry health,7650.0,health,derived,frozen_v1,洞天设计,"",100-seed collected-extension profile P10 gate,1dp,高阶远征 P10 构筑入口门槛
dungeon.high_tier.void_refining.boss_hp_multiplier,dungeon,void_refining high-tier Boss HP multiplier,15.0,ratio,policy,frozen_v1,洞天设计,"",growth-profile baseline HP * realm multiplier,2dp,扩展法宝成长后的高阶 Boss 生命重标定
dungeon.high_tier.void_refining.signature_skill.cooldown_seconds,dungeon,void_refining signature skill cooldown,300,seconds,policy,frozen_v1,洞天设计,"",fixed realm skill cooldown,integer,境界专属 Boss 技能冷却
dungeon.high_tier.void_refining.signature_skill.duration_seconds,dungeon,void_refining signature skill duration,4,seconds,scalar,frozen_v1,洞天设计,"",outgoing damage suppression window,integer,境界专属 Boss 技能持续时间
dungeon.high_tier.void_refining.signature_skill.attack_suppression_percent,dungeon,void_refining signature skill attack suppression,25,percent,scalar,frozen_v1,洞天设计,"",reduces player outgoing damage while active,integer,境界专属 Boss 技能压制强度
growth.treasure.extension_pool.body_unity.effect_scale,growth,body_unity extension treasure effect scale,8,ratio,policy,frozen_v1,洞天设计,"",2^realm_index,integer,扩展法宝境界倍率
growth.treasure.extension_pool.body_unity.body_unity_01_star_lantern.archetype,growth,body_unity_01_star_lantern archetype,star_lantern,archetype,constant,frozen_v1,洞天设计,"",fixed extension object archetype,"",扩展法宝对象原型
growth.treasure.extension_pool.body_unity.body_unity_01_star_lantern.element,growth,body_unity_01_star_lantern element,metal,element,constant,frozen_v1,洞天设计,"",fixed extension object element,"",扩展法宝五行
dungeon.high_tier.body_unity.treasure_pool_weight.body_unity_01_star_lantern,dungeon,body_unity body_unity_01_star_lantern treasure pool weight,8.333333333333334,weight,probability,frozen_v1,洞天设计,"",equal extension pool weight,fraction,高阶法宝池权重
growth.treasure.extension_pool.body_unity.body_unity_02_mountain_core.archetype,growth,body_unity_02_mountain_core archetype,mountain_core,archetype,constant,frozen_v1,洞天设计,"",fixed extension object archetype,"",扩展法宝对象原型
growth.treasure.extension_pool.body_unity.body_unity_02_mountain_core.element,growth,body_unity_02_mountain_core element,wood,element,constant,frozen_v1,洞天设计,"",fixed extension object element,"",扩展法宝五行
dungeon.high_tier.body_unity.treasure_pool_weight.body_unity_02_mountain_core,dungeon,body_unity body_unity_02_mountain_core treasure pool weight,8.333333333333334,weight,probability,frozen_v1,洞天设计,"",equal extension pool weight,fraction,高阶法宝池权重
growth.treasure.extension_pool.body_unity.body_unity_03_heaven_vessel.archetype,growth,body_unity_03_heaven_vessel archetype,heaven_vessel,archetype,constant,frozen_v1,洞天设计,"",fixed extension object archetype,"",扩展法宝对象原型
growth.treasure.extension_pool.body_unity.body_unity_03_heaven_vessel.element,growth,body_unity_03_heaven_vessel element,earth,element,constant,frozen_v1,洞天设计,"",fixed extension object element,"",扩展法宝五行
dungeon.high_tier.body_unity.treasure_pool_weight.body_unity_03_heaven_vessel,dungeon,body_unity body_unity_03_heaven_vessel treasure pool weight,8.333333333333334,weight,probability,frozen_v1,洞天设计,"",equal extension pool weight,fraction,高阶法宝池权重
growth.treasure.extension_pool.body_unity.body_unity_04_vermillion_wing.archetype,growth,body_unity_04_vermillion_wing archetype,vermillion_wing,archetype,constant,frozen_v1,洞天设计,"",fixed extension object archetype,"",扩展法宝对象原型
growth.treasure.extension_pool.body_unity.body_unity_04_vermillion_wing.element,growth,body_unity_04_vermillion_wing element,water,element,constant,frozen_v1,洞天设计,"",fixed extension object element,"",扩展法宝五行
dungeon.high_tier.body_unity.treasure_pool_weight.body_unity_04_vermillion_wing,dungeon,body_unity body_unity_04_vermillion_wing treasure pool weight,8.333333333333334,weight,probability,frozen_v1,洞天设计,"",equal extension pool weight,fraction,高阶法宝池权重
growth.treasure.extension_pool.body_unity.body_unity_05_tortoise_aegis.archetype,growth,body_unity_05_tortoise_aegis archetype,tortoise_aegis,archetype,constant,frozen_v1,洞天设计,"",fixed extension object archetype,"",扩展法宝对象原型
growth.treasure.extension_pool.body_unity.body_unity_05_tortoise_aegis.element,growth,body_unity_05_tortoise_aegis element,fire,element,constant,frozen_v1,洞天设计,"",fixed extension object element,"",扩展法宝五行
dungeon.high_tier.body_unity.treasure_pool_weight.body_unity_05_tortoise_aegis,dungeon,body_unity body_unity_05_tortoise_aegis treasure pool weight,8.333333333333334,weight,probability,frozen_v1,洞天设计,"",equal extension pool weight,fraction,高阶法宝池权重
growth.treasure.extension_pool.body_unity.body_unity_06_mirror_gate.archetype,growth,body_unity_06_mirror_gate archetype,mirror_gate,archetype,constant,frozen_v1,洞天设计,"",fixed extension object archetype,"",扩展法宝对象原型
growth.treasure.extension_pool.body_unity.body_unity_06_mirror_gate.element,growth,body_unity_06_mirror_gate element,neutral,element,constant,frozen_v1,洞天设计,"",fixed extension object element,"",扩展法宝五行
dungeon.high_tier.body_unity.treasure_pool_weight.body_unity_06_mirror_gate,dungeon,body_unity body_unity_06_mirror_gate treasure pool weight,8.333333333333334,weight,probability,frozen_v1,洞天设计,"",equal extension pool weight,fraction,高阶法宝池权重
growth.treasure.extension_pool.body_unity.body_unity_07_thunder_sword.archetype,growth,body_unity_07_thunder_sword archetype,thunder_sword,archetype,constant,frozen_v1,洞天设计,"",fixed extension object archetype,"",扩展法宝对象原型
growth.treasure.extension_pool.body_unity.body_unity_07_thunder_sword.element,growth,body_unity_07_thunder_sword element,metal,element,constant,frozen_v1,洞天设计,"",fixed extension object element,"",扩展法宝五行
dungeon.high_tier.body_unity.treasure_pool_weight.body_unity_07_thunder_sword,dungeon,body_unity body_unity_07_thunder_sword treasure pool weight,8.333333333333334,weight,probability,frozen_v1,洞天设计,"",equal extension pool weight,fraction,高阶法宝池权重
growth.treasure.extension_pool.body_unity.body_unity_08_moon_wheel.archetype,growth,body_unity_08_moon_wheel archetype,moon_wheel,archetype,constant,frozen_v1,洞天设计,"",fixed extension object archetype,"",扩展法宝对象原型
growth.treasure.extension_pool.body_unity.body_unity_08_moon_wheel.element,growth,body_unity_08_moon_wheel element,wood,element,constant,frozen_v1,洞天设计,"",fixed extension object element,"",扩展法宝五行
dungeon.high_tier.body_unity.treasure_pool_weight.body_unity_08_moon_wheel,dungeon,body_unity body_unity_08_moon_wheel treasure pool weight,8.333333333333334,weight,probability,frozen_v1,洞天设计,"",equal extension pool weight,fraction,高阶法宝池权重
growth.treasure.extension_pool.body_unity.body_unity_09_cloud_seal.archetype,growth,body_unity_09_cloud_seal archetype,cloud_seal,archetype,constant,frozen_v1,洞天设计,"",fixed extension object archetype,"",扩展法宝对象原型
growth.treasure.extension_pool.body_unity.body_unity_09_cloud_seal.element,growth,body_unity_09_cloud_seal element,earth,element,constant,frozen_v1,洞天设计,"",fixed extension object element,"",扩展法宝五行
dungeon.high_tier.body_unity.treasure_pool_weight.body_unity_09_cloud_seal,dungeon,body_unity body_unity_09_cloud_seal treasure pool weight,8.333333333333334,weight,probability,frozen_v1,洞天设计,"",equal extension pool weight,fraction,高阶法宝池权重
growth.treasure.extension_pool.body_unity.body_unity_10_earth_dragon.archetype,growth,body_unity_10_earth_dragon archetype,earth_dragon,archetype,constant,frozen_v1,洞天设计,"",fixed extension object archetype,"",扩展法宝对象原型
growth.treasure.extension_pool.body_unity.body_unity_10_earth_dragon.element,growth,body_unity_10_earth_dragon element,water,element,constant,frozen_v1,洞天设计,"",fixed extension object element,"",扩展法宝五行
dungeon.high_tier.body_unity.treasure_pool_weight.body_unity_10_earth_dragon,dungeon,body_unity body_unity_10_earth_dragon treasure pool weight,8.333333333333334,weight,probability,frozen_v1,洞天设计,"",equal extension pool weight,fraction,高阶法宝池权重
growth.treasure.extension_pool.body_unity.body_unity_11_spirit_compass.archetype,growth,body_unity_11_spirit_compass archetype,spirit_compass,archetype,constant,frozen_v1,洞天设计,"",fixed extension object archetype,"",扩展法宝对象原型
growth.treasure.extension_pool.body_unity.body_unity_11_spirit_compass.element,growth,body_unity_11_spirit_compass element,fire,element,constant,frozen_v1,洞天设计,"",fixed extension object element,"",扩展法宝五行
dungeon.high_tier.body_unity.treasure_pool_weight.body_unity_11_spirit_compass,dungeon,body_unity body_unity_11_spirit_compass treasure pool weight,8.333333333333334,weight,probability,frozen_v1,洞天设计,"",equal extension pool weight,fraction,高阶法宝池权重
growth.treasure.extension_pool.body_unity.body_unity_12_sun_crown.archetype,growth,body_unity_12_sun_crown archetype,sun_crown,archetype,constant,frozen_v1,洞天设计,"",fixed extension object archetype,"",扩展法宝对象原型
growth.treasure.extension_pool.body_unity.body_unity_12_sun_crown.element,growth,body_unity_12_sun_crown element,neutral,element,constant,frozen_v1,洞天设计,"",fixed extension object element,"",扩展法宝五行
dungeon.high_tier.body_unity.treasure_pool_weight.body_unity_12_sun_crown,dungeon,body_unity body_unity_12_sun_crown treasure pool weight,8.333333333333334,weight,probability,frozen_v1,洞天设计,"",equal extension pool weight,fraction,高阶法宝池权重
dungeon.high_tier.body_unity.treasure_drop_chance,dungeon,body_unity high-tier treasure drop chance,5,percent,probability,frozen_v1,洞天设计,"",hourly independent roll,percent,高阶远征扩展法宝掉率
dungeon.high_tier.body_unity.treasure_pity_hours,dungeon,body_unity high-tier treasure pity hours,50,hours,policy,frozen_v1,洞天设计,"",guarantee by Nth expedition hour,integer,高阶远征扩展法宝保底
dungeon.high_tier.body_unity.entry_profile.collected_p10.attack,dungeon,body_unity collected P10 entry attack,5225.0,attack,derived,frozen_v1,洞天设计,"",100-seed collected-extension profile P10 gate,1dp,高阶远征 P10 构筑入口门槛
dungeon.high_tier.body_unity.entry_profile.collected_p10.defence,dungeon,body_unity collected P10 entry defence,5442.5,defence,derived,frozen_v1,洞天设计,"",100-seed collected-extension profile P10 gate,1dp,高阶远征 P10 构筑入口门槛
dungeon.high_tier.body_unity.entry_profile.collected_p10.health,dungeon,body_unity collected P10 entry health,15250.0,health,derived,frozen_v1,洞天设计,"",100-seed collected-extension profile P10 gate,1dp,高阶远征 P10 构筑入口门槛
dungeon.high_tier.body_unity.boss_hp_multiplier,dungeon,body_unity high-tier Boss HP multiplier,63.0,ratio,policy,frozen_v1,洞天设计,"",growth-profile baseline HP * realm multiplier,2dp,扩展法宝成长后的高阶 Boss 生命重标定
dungeon.high_tier.body_unity.signature_skill.cooldown_seconds,dungeon,body_unity signature skill cooldown,300,seconds,policy,frozen_v1,洞天设计,"",fixed realm skill cooldown,integer,境界专属 Boss 技能冷却
dungeon.high_tier.body_unity.signature_skill.duration_seconds,dungeon,body_unity signature skill duration,5,seconds,scalar,frozen_v1,洞天设计,"",outgoing damage suppression window,integer,境界专属 Boss 技能持续时间
dungeon.high_tier.body_unity.signature_skill.attack_suppression_percent,dungeon,body_unity signature skill attack suppression,30,percent,scalar,frozen_v1,洞天设计,"",reduces player outgoing damage while active,integer,境界专属 Boss 技能压制强度
growth.treasure.extension_pool.great_vehicle.effect_scale,growth,great_vehicle extension treasure effect scale,16,ratio,policy,frozen_v1,洞天设计,"",2^realm_index,integer,扩展法宝境界倍率
growth.treasure.extension_pool.great_vehicle.great_vehicle_01_star_lantern.archetype,growth,great_vehicle_01_star_lantern archetype,star_lantern,archetype,constant,frozen_v1,洞天设计,"",fixed extension object archetype,"",扩展法宝对象原型
growth.treasure.extension_pool.great_vehicle.great_vehicle_01_star_lantern.element,growth,great_vehicle_01_star_lantern element,metal,element,constant,frozen_v1,洞天设计,"",fixed extension object element,"",扩展法宝五行
dungeon.high_tier.great_vehicle.treasure_pool_weight.great_vehicle_01_star_lantern,dungeon,great_vehicle great_vehicle_01_star_lantern treasure pool weight,8.333333333333334,weight,probability,frozen_v1,洞天设计,"",equal extension pool weight,fraction,高阶法宝池权重
growth.treasure.extension_pool.great_vehicle.great_vehicle_02_mountain_core.archetype,growth,great_vehicle_02_mountain_core archetype,mountain_core,archetype,constant,frozen_v1,洞天设计,"",fixed extension object archetype,"",扩展法宝对象原型
growth.treasure.extension_pool.great_vehicle.great_vehicle_02_mountain_core.element,growth,great_vehicle_02_mountain_core element,wood,element,constant,frozen_v1,洞天设计,"",fixed extension object element,"",扩展法宝五行
dungeon.high_tier.great_vehicle.treasure_pool_weight.great_vehicle_02_mountain_core,dungeon,great_vehicle great_vehicle_02_mountain_core treasure pool weight,8.333333333333334,weight,probability,frozen_v1,洞天设计,"",equal extension pool weight,fraction,高阶法宝池权重
growth.treasure.extension_pool.great_vehicle.great_vehicle_03_heaven_vessel.archetype,growth,great_vehicle_03_heaven_vessel archetype,heaven_vessel,archetype,constant,frozen_v1,洞天设计,"",fixed extension object archetype,"",扩展法宝对象原型
growth.treasure.extension_pool.great_vehicle.great_vehicle_03_heaven_vessel.element,growth,great_vehicle_03_heaven_vessel element,earth,element,constant,frozen_v1,洞天设计,"",fixed extension object element,"",扩展法宝五行
dungeon.high_tier.great_vehicle.treasure_pool_weight.great_vehicle_03_heaven_vessel,dungeon,great_vehicle great_vehicle_03_heaven_vessel treasure pool weight,8.333333333333334,weight,probability,frozen_v1,洞天设计,"",equal extension pool weight,fraction,高阶法宝池权重
growth.treasure.extension_pool.great_vehicle.great_vehicle_04_vermillion_wing.archetype,growth,great_vehicle_04_vermillion_wing archetype,vermillion_wing,archetype,constant,frozen_v1,洞天设计,"",fixed extension object archetype,"",扩展法宝对象原型
growth.treasure.extension_pool.great_vehicle.great_vehicle_04_vermillion_wing.element,growth,great_vehicle_04_vermillion_wing element,water,element,constant,frozen_v1,洞天设计,"",fixed extension object element,"",扩展法宝五行
dungeon.high_tier.great_vehicle.treasure_pool_weight.great_vehicle_04_vermillion_wing,dungeon,great_vehicle great_vehicle_04_vermillion_wing treasure pool weight,8.333333333333334,weight,probability,frozen_v1,洞天设计,"",equal extension pool weight,fraction,高阶法宝池权重
growth.treasure.extension_pool.great_vehicle.great_vehicle_05_tortoise_aegis.archetype,growth,great_vehicle_05_tortoise_aegis archetype,tortoise_aegis,archetype,constant,frozen_v1,洞天设计,"",fixed extension object archetype,"",扩展法宝对象原型
growth.treasure.extension_pool.great_vehicle.great_vehicle_05_tortoise_aegis.element,growth,great_vehicle_05_tortoise_aegis element,fire,element,constant,frozen_v1,洞天设计,"",fixed extension object element,"",扩展法宝五行
dungeon.high_tier.great_vehicle.treasure_pool_weight.great_vehicle_05_tortoise_aegis,dungeon,great_vehicle great_vehicle_05_tortoise_aegis treasure pool weight,8.333333333333334,weight,probability,frozen_v1,洞天设计,"",equal extension pool weight,fraction,高阶法宝池权重
growth.treasure.extension_pool.great_vehicle.great_vehicle_06_mirror_gate.archetype,growth,great_vehicle_06_mirror_gate archetype,mirror_gate,archetype,constant,frozen_v1,洞天设计,"",fixed extension object archetype,"",扩展法宝对象原型
growth.treasure.extension_pool.great_vehicle.great_vehicle_06_mirror_gate.element,growth,great_vehicle_06_mirror_gate element,neutral,element,constant,frozen_v1,洞天设计,"",fixed extension object element,"",扩展法宝五行
dungeon.high_tier.great_vehicle.treasure_pool_weight.great_vehicle_06_mirror_gate,dungeon,great_vehicle great_vehicle_06_mirror_gate treasure pool weight,8.333333333333334,weight,probability,frozen_v1,洞天设计,"",equal extension pool weight,fraction,高阶法宝池权重
growth.treasure.extension_pool.great_vehicle.great_vehicle_07_thunder_sword.archetype,growth,great_vehicle_07_thunder_sword archetype,thunder_sword,archetype,constant,frozen_v1,洞天设计,"",fixed extension object archetype,"",扩展法宝对象原型
growth.treasure.extension_pool.great_vehicle.great_vehicle_07_thunder_sword.element,growth,great_vehicle_07_thunder_sword element,metal,element,constant,frozen_v1,洞天设计,"",fixed extension object element,"",扩展法宝五行
dungeon.high_tier.great_vehicle.treasure_pool_weight.great_vehicle_07_thunder_sword,dungeon,great_vehicle great_vehicle_07_thunder_sword treasure pool weight,8.333333333333334,weight,probability,frozen_v1,洞天设计,"",equal extension pool weight,fraction,高阶法宝池权重
growth.treasure.extension_pool.great_vehicle.great_vehicle_08_moon_wheel.archetype,growth,great_vehicle_08_moon_wheel archetype,moon_wheel,archetype,constant,frozen_v1,洞天设计,"",fixed extension object archetype,"",扩展法宝对象原型
growth.treasure.extension_pool.great_vehicle.great_vehicle_08_moon_wheel.element,growth,great_vehicle_08_moon_wheel element,wood,element,constant,frozen_v1,洞天设计,"",fixed extension object element,"",扩展法宝五行
dungeon.high_tier.great_vehicle.treasure_pool_weight.great_vehicle_08_moon_wheel,dungeon,great_vehicle great_vehicle_08_moon_wheel treasure pool weight,8.333333333333334,weight,probability,frozen_v1,洞天设计,"",equal extension pool weight,fraction,高阶法宝池权重
growth.treasure.extension_pool.great_vehicle.great_vehicle_09_cloud_seal.archetype,growth,great_vehicle_09_cloud_seal archetype,cloud_seal,archetype,constant,frozen_v1,洞天设计,"",fixed extension object archetype,"",扩展法宝对象原型
growth.treasure.extension_pool.great_vehicle.great_vehicle_09_cloud_seal.element,growth,great_vehicle_09_cloud_seal element,earth,element,constant,frozen_v1,洞天设计,"",fixed extension object element,"",扩展法宝五行
dungeon.high_tier.great_vehicle.treasure_pool_weight.great_vehicle_09_cloud_seal,dungeon,great_vehicle great_vehicle_09_cloud_seal treasure pool weight,8.333333333333334,weight,probability,frozen_v1,洞天设计,"",equal extension pool weight,fraction,高阶法宝池权重
growth.treasure.extension_pool.great_vehicle.great_vehicle_10_earth_dragon.archetype,growth,great_vehicle_10_earth_dragon archetype,earth_dragon,archetype,constant,frozen_v1,洞天设计,"",fixed extension object archetype,"",扩展法宝对象原型
growth.treasure.extension_pool.great_vehicle.great_vehicle_10_earth_dragon.element,growth,great_vehicle_10_earth_dragon element,water,element,constant,frozen_v1,洞天设计,"",fixed extension object element,"",扩展法宝五行
dungeon.high_tier.great_vehicle.treasure_pool_weight.great_vehicle_10_earth_dragon,dungeon,great_vehicle great_vehicle_10_earth_dragon treasure pool weight,8.333333333333334,weight,probability,frozen_v1,洞天设计,"",equal extension pool weight,fraction,高阶法宝池权重
growth.treasure.extension_pool.great_vehicle.great_vehicle_11_spirit_compass.archetype,growth,great_vehicle_11_spirit_compass archetype,spirit_compass,archetype,constant,frozen_v1,洞天设计,"",fixed extension object archetype,"",扩展法宝对象原型
growth.treasure.extension_pool.great_vehicle.great_vehicle_11_spirit_compass.element,growth,great_vehicle_11_spirit_compass element,fire,element,constant,frozen_v1,洞天设计,"",fixed extension object element,"",扩展法宝五行
dungeon.high_tier.great_vehicle.treasure_pool_weight.great_vehicle_11_spirit_compass,dungeon,great_vehicle great_vehicle_11_spirit_compass treasure pool weight,8.333333333333334,weight,probability,frozen_v1,洞天设计,"",equal extension pool weight,fraction,高阶法宝池权重
growth.treasure.extension_pool.great_vehicle.great_vehicle_12_sun_crown.archetype,growth,great_vehicle_12_sun_crown archetype,sun_crown,archetype,constant,frozen_v1,洞天设计,"",fixed extension object archetype,"",扩展法宝对象原型
growth.treasure.extension_pool.great_vehicle.great_vehicle_12_sun_crown.element,growth,great_vehicle_12_sun_crown element,neutral,element,constant,frozen_v1,洞天设计,"",fixed extension object element,"",扩展法宝五行
dungeon.high_tier.great_vehicle.treasure_pool_weight.great_vehicle_12_sun_crown,dungeon,great_vehicle great_vehicle_12_sun_crown treasure pool weight,8.333333333333334,weight,probability,frozen_v1,洞天设计,"",equal extension pool weight,fraction,高阶法宝池权重
dungeon.high_tier.great_vehicle.treasure_drop_chance,dungeon,great_vehicle high-tier treasure drop chance,5,percent,probability,frozen_v1,洞天设计,"",hourly independent roll,percent,高阶远征扩展法宝掉率
dungeon.high_tier.great_vehicle.treasure_pity_hours,dungeon,great_vehicle high-tier treasure pity hours,50,hours,policy,frozen_v1,洞天设计,"",guarantee by Nth expedition hour,integer,高阶远征扩展法宝保底
dungeon.high_tier.great_vehicle.entry_profile.collected_p10.attack,dungeon,great_vehicle collected P10 entry attack,11755.0,attack,derived,frozen_v1,洞天设计,"",100-seed collected-extension profile P10 gate,1dp,高阶远征 P10 构筑入口门槛
dungeon.high_tier.great_vehicle.entry_profile.collected_p10.defence,dungeon,great_vehicle collected P10 entry defence,11832.5,defence,derived,frozen_v1,洞天设计,"",100-seed collected-extension profile P10 gate,1dp,高阶远征 P10 构筑入口门槛
dungeon.high_tier.great_vehicle.entry_profile.collected_p10.health,dungeon,great_vehicle collected P10 entry health,31750.0,health,derived,frozen_v1,洞天设计,"",100-seed collected-extension profile P10 gate,1dp,高阶远征 P10 构筑入口门槛
dungeon.high_tier.great_vehicle.boss_hp_multiplier,dungeon,great_vehicle high-tier Boss HP multiplier,150.0,ratio,policy,frozen_v1,洞天设计,"",growth-profile baseline HP * realm multiplier,2dp,扩展法宝成长后的高阶 Boss 生命重标定
dungeon.high_tier.great_vehicle.signature_skill.cooldown_seconds,dungeon,great_vehicle signature skill cooldown,300,seconds,policy,frozen_v1,洞天设计,"",fixed realm skill cooldown,integer,境界专属 Boss 技能冷却
dungeon.high_tier.great_vehicle.signature_skill.duration_seconds,dungeon,great_vehicle signature skill duration,6,seconds,scalar,frozen_v1,洞天设计,"",outgoing damage suppression window,integer,境界专属 Boss 技能持续时间
dungeon.high_tier.great_vehicle.signature_skill.attack_suppression_percent,dungeon,great_vehicle signature skill attack suppression,35,percent,scalar,frozen_v1,洞天设计,"",reduces player outgoing damage while active,integer,境界专属 Boss 技能压制强度
growth.treasure.extension_pool.tribulation.effect_scale,growth,tribulation extension treasure effect scale,32,ratio,policy,frozen_v1,洞天设计,"",2^realm_index,integer,扩展法宝境界倍率
growth.treasure.extension_pool.tribulation.tribulation_01_star_lantern.archetype,growth,tribulation_01_star_lantern archetype,star_lantern,archetype,constant,frozen_v1,洞天设计,"",fixed extension object archetype,"",扩展法宝对象原型
growth.treasure.extension_pool.tribulation.tribulation_01_star_lantern.element,growth,tribulation_01_star_lantern element,metal,element,constant,frozen_v1,洞天设计,"",fixed extension object element,"",扩展法宝五行
dungeon.high_tier.tribulation.treasure_pool_weight.tribulation_01_star_lantern,dungeon,tribulation tribulation_01_star_lantern treasure pool weight,8.333333333333334,weight,probability,frozen_v1,洞天设计,"",equal extension pool weight,fraction,高阶法宝池权重
growth.treasure.extension_pool.tribulation.tribulation_02_mountain_core.archetype,growth,tribulation_02_mountain_core archetype,mountain_core,archetype,constant,frozen_v1,洞天设计,"",fixed extension object archetype,"",扩展法宝对象原型
growth.treasure.extension_pool.tribulation.tribulation_02_mountain_core.element,growth,tribulation_02_mountain_core element,wood,element,constant,frozen_v1,洞天设计,"",fixed extension object element,"",扩展法宝五行
dungeon.high_tier.tribulation.treasure_pool_weight.tribulation_02_mountain_core,dungeon,tribulation tribulation_02_mountain_core treasure pool weight,8.333333333333334,weight,probability,frozen_v1,洞天设计,"",equal extension pool weight,fraction,高阶法宝池权重
growth.treasure.extension_pool.tribulation.tribulation_03_heaven_vessel.archetype,growth,tribulation_03_heaven_vessel archetype,heaven_vessel,archetype,constant,frozen_v1,洞天设计,"",fixed extension object archetype,"",扩展法宝对象原型
growth.treasure.extension_pool.tribulation.tribulation_03_heaven_vessel.element,growth,tribulation_03_heaven_vessel element,earth,element,constant,frozen_v1,洞天设计,"",fixed extension object element,"",扩展法宝五行
dungeon.high_tier.tribulation.treasure_pool_weight.tribulation_03_heaven_vessel,dungeon,tribulation tribulation_03_heaven_vessel treasure pool weight,8.333333333333334,weight,probability,frozen_v1,洞天设计,"",equal extension pool weight,fraction,高阶法宝池权重
growth.treasure.extension_pool.tribulation.tribulation_04_vermillion_wing.archetype,growth,tribulation_04_vermillion_wing archetype,vermillion_wing,archetype,constant,frozen_v1,洞天设计,"",fixed extension object archetype,"",扩展法宝对象原型
growth.treasure.extension_pool.tribulation.tribulation_04_vermillion_wing.element,growth,tribulation_04_vermillion_wing element,water,element,constant,frozen_v1,洞天设计,"",fixed extension object element,"",扩展法宝五行
dungeon.high_tier.tribulation.treasure_pool_weight.tribulation_04_vermillion_wing,dungeon,tribulation tribulation_04_vermillion_wing treasure pool weight,8.333333333333334,weight,probability,frozen_v1,洞天设计,"",equal extension pool weight,fraction,高阶法宝池权重
growth.treasure.extension_pool.tribulation.tribulation_05_tortoise_aegis.archetype,growth,tribulation_05_tortoise_aegis archetype,tortoise_aegis,archetype,constant,frozen_v1,洞天设计,"",fixed extension object archetype,"",扩展法宝对象原型
growth.treasure.extension_pool.tribulation.tribulation_05_tortoise_aegis.element,growth,tribulation_05_tortoise_aegis element,fire,element,constant,frozen_v1,洞天设计,"",fixed extension object element,"",扩展法宝五行
dungeon.high_tier.tribulation.treasure_pool_weight.tribulation_05_tortoise_aegis,dungeon,tribulation tribulation_05_tortoise_aegis treasure pool weight,8.333333333333334,weight,probability,frozen_v1,洞天设计,"",equal extension pool weight,fraction,高阶法宝池权重
growth.treasure.extension_pool.tribulation.tribulation_06_mirror_gate.archetype,growth,tribulation_06_mirror_gate archetype,mirror_gate,archetype,constant,frozen_v1,洞天设计,"",fixed extension object archetype,"",扩展法宝对象原型
growth.treasure.extension_pool.tribulation.tribulation_06_mirror_gate.element,growth,tribulation_06_mirror_gate element,neutral,element,constant,frozen_v1,洞天设计,"",fixed extension object element,"",扩展法宝五行
dungeon.high_tier.tribulation.treasure_pool_weight.tribulation_06_mirror_gate,dungeon,tribulation tribulation_06_mirror_gate treasure pool weight,8.333333333333334,weight,probability,frozen_v1,洞天设计,"",equal extension pool weight,fraction,高阶法宝池权重
growth.treasure.extension_pool.tribulation.tribulation_07_thunder_sword.archetype,growth,tribulation_07_thunder_sword archetype,thunder_sword,archetype,constant,frozen_v1,洞天设计,"",fixed extension object archetype,"",扩展法宝对象原型
growth.treasure.extension_pool.tribulation.tribulation_07_thunder_sword.element,growth,tribulation_07_thunder_sword element,metal,element,constant,frozen_v1,洞天设计,"",fixed extension object element,"",扩展法宝五行
dungeon.high_tier.tribulation.treasure_pool_weight.tribulation_07_thunder_sword,dungeon,tribulation tribulation_07_thunder_sword treasure pool weight,8.333333333333334,weight,probability,frozen_v1,洞天设计,"",equal extension pool weight,fraction,高阶法宝池权重
growth.treasure.extension_pool.tribulation.tribulation_08_moon_wheel.archetype,growth,tribulation_08_moon_wheel archetype,moon_wheel,archetype,constant,frozen_v1,洞天设计,"",fixed extension object archetype,"",扩展法宝对象原型
growth.treasure.extension_pool.tribulation.tribulation_08_moon_wheel.element,growth,tribulation_08_moon_wheel element,wood,element,constant,frozen_v1,洞天设计,"",fixed extension object element,"",扩展法宝五行
dungeon.high_tier.tribulation.treasure_pool_weight.tribulation_08_moon_wheel,dungeon,tribulation tribulation_08_moon_wheel treasure pool weight,8.333333333333334,weight,probability,frozen_v1,洞天设计,"",equal extension pool weight,fraction,高阶法宝池权重
growth.treasure.extension_pool.tribulation.tribulation_09_cloud_seal.archetype,growth,tribulation_09_cloud_seal archetype,cloud_seal,archetype,constant,frozen_v1,洞天设计,"",fixed extension object archetype,"",扩展法宝对象原型
growth.treasure.extension_pool.tribulation.tribulation_09_cloud_seal.element,growth,tribulation_09_cloud_seal element,earth,element,constant,frozen_v1,洞天设计,"",fixed extension object element,"",扩展法宝五行
dungeon.high_tier.tribulation.treasure_pool_weight.tribulation_09_cloud_seal,dungeon,tribulation tribulation_09_cloud_seal treasure pool weight,8.333333333333334,weight,probability,frozen_v1,洞天设计,"",equal extension pool weight,fraction,高阶法宝池权重
growth.treasure.extension_pool.tribulation.tribulation_10_earth_dragon.archetype,growth,tribulation_10_earth_dragon archetype,earth_dragon,archetype,constant,frozen_v1,洞天设计,"",fixed extension object archetype,"",扩展法宝对象原型
growth.treasure.extension_pool.tribulation.tribulation_10_earth_dragon.element,growth,tribulation_10_earth_dragon element,water,element,constant,frozen_v1,洞天设计,"",fixed extension object element,"",扩展法宝五行
dungeon.high_tier.tribulation.treasure_pool_weight.tribulation_10_earth_dragon,dungeon,tribulation tribulation_10_earth_dragon treasure pool weight,8.333333333333334,weight,probability,frozen_v1,洞天设计,"",equal extension pool weight,fraction,高阶法宝池权重
growth.treasure.extension_pool.tribulation.tribulation_11_spirit_compass.archetype,growth,tribulation_11_spirit_compass archetype,spirit_compass,archetype,constant,frozen_v1,洞天设计,"",fixed extension object archetype,"",扩展法宝对象原型
growth.treasure.extension_pool.tribulation.tribulation_11_spirit_compass.element,growth,tribulation_11_spirit_compass element,fire,element,constant,frozen_v1,洞天设计,"",fixed extension object element,"",扩展法宝五行
dungeon.high_tier.tribulation.treasure_pool_weight.tribulation_11_spirit_compass,dungeon,tribulation tribulation_11_spirit_compass treasure pool weight,8.333333333333334,weight,probability,frozen_v1,洞天设计,"",equal extension pool weight,fraction,高阶法宝池权重
growth.treasure.extension_pool.tribulation.tribulation_12_sun_crown.archetype,growth,tribulation_12_sun_crown archetype,sun_crown,archetype,constant,frozen_v1,洞天设计,"",fixed extension object archetype,"",扩展法宝对象原型
growth.treasure.extension_pool.tribulation.tribulation_12_sun_crown.element,growth,tribulation_12_sun_crown element,neutral,element,constant,frozen_v1,洞天设计,"",fixed extension object element,"",扩展法宝五行
dungeon.high_tier.tribulation.treasure_pool_weight.tribulation_12_sun_crown,dungeon,tribulation tribulation_12_sun_crown treasure pool weight,8.333333333333334,weight,probability,frozen_v1,洞天设计,"",equal extension pool weight,fraction,高阶法宝池权重
dungeon.high_tier.tribulation.treasure_drop_chance,dungeon,tribulation high-tier treasure drop chance,5,percent,probability,frozen_v1,洞天设计,"",hourly independent roll,percent,高阶远征扩展法宝掉率
dungeon.high_tier.tribulation.treasure_pity_hours,dungeon,tribulation high-tier treasure pity hours,50,hours,policy,frozen_v1,洞天设计,"",guarantee by Nth expedition hour,integer,高阶远征扩展法宝保底
dungeon.high_tier.tribulation.entry_profile.collected_p10.attack,dungeon,tribulation collected P10 entry attack,24445.0,attack,derived,frozen_v1,洞天设计,"",100-seed collected-extension profile P10 gate,1dp,高阶远征 P10 构筑入口门槛
dungeon.high_tier.tribulation.entry_profile.collected_p10.defence,dungeon,tribulation collected P10 entry defence,24692.5,defence,derived,frozen_v1,洞天设计,"",100-seed collected-extension profile P10 gate,1dp,高阶远征 P10 构筑入口门槛
dungeon.high_tier.tribulation.entry_profile.collected_p10.health,dungeon,tribulation collected P10 entry health,63600.0,health,derived,frozen_v1,洞天设计,"",100-seed collected-extension profile P10 gate,1dp,高阶远征 P10 构筑入口门槛
dungeon.high_tier.tribulation.boss_hp_multiplier,dungeon,tribulation high-tier Boss HP multiplier,300.0,ratio,policy,frozen_v1,洞天设计,"",growth-profile baseline HP * realm multiplier,2dp,扩展法宝成长后的高阶 Boss 生命重标定
dungeon.high_tier.tribulation.signature_skill.cooldown_seconds,dungeon,tribulation signature skill cooldown,300,seconds,policy,frozen_v1,洞天设计,"",fixed realm skill cooldown,integer,境界专属 Boss 技能冷却
dungeon.high_tier.tribulation.signature_skill.duration_seconds,dungeon,tribulation signature skill duration,8,seconds,scalar,frozen_v1,洞天设计,"",outgoing damage suppression window,integer,境界专属 Boss 技能持续时间
dungeon.high_tier.tribulation.signature_skill.attack_suppression_percent,dungeon,tribulation signature skill attack suppression,40,percent,scalar,frozen_v1,洞天设计,"",reduces player outgoing damage while active,integer,境界专属 Boss 技能压制强度
dungeon.qing_feng.treasure_pool_weight.qing_lian_lamp,dungeon,qing_feng qing_lian_lamp treasure pool weight,25,weight,probability,frozen_v1,洞天设计,"",pool object weight,integer,清风法宝池权重
dungeon.qing_feng.treasure_pool_weight.shan_he_seal,dungeon,qing_feng shan_he_seal treasure pool weight,20,weight,probability,frozen_v1,洞天设计,"",pool object weight,integer,清风法宝池权重
dungeon.qing_feng.treasure_pool_weight.heaven_bag,dungeon,qing_feng heaven_bag treasure pool weight,20,weight,probability,frozen_v1,洞天设计,"",pool object weight,integer,清风法宝池权重
dungeon.qing_feng.treasure_pool_weight.zhu_que_feather,dungeon,qing_feng zhu_que_feather treasure pool weight,15,weight,probability,frozen_v1,洞天设计,"",pool object weight,integer,清风法宝池权重
dungeon.qing_feng.treasure_pool_weight.xuan_gui_shell,dungeon,qing_feng xuan_gui_shell treasure pool weight,15,weight,probability,frozen_v1,洞天设计,"",pool object weight,integer,清风法宝池权重
dungeon.qing_feng.treasure_pool_weight.tai_xu_mirror,dungeon,qing_feng tai_xu_mirror treasure pool weight,5,weight,probability,frozen_v1,洞天设计,"",pool object weight,integer,清风法宝池权重
dungeon.yan_prison.treasure_pool_weight.qing_lian_lamp,dungeon,yan_prison qing_lian_lamp treasure pool weight,20,weight,probability,frozen_v1,洞天设计,"",pool object weight,integer,炎狱法宝池权重
dungeon.yan_prison.treasure_pool_weight.shan_he_seal,dungeon,yan_prison shan_he_seal treasure pool weight,20,weight,probability,frozen_v1,洞天设计,"",pool object weight,integer,炎狱法宝池权重
dungeon.yan_prison.treasure_pool_weight.heaven_bag,dungeon,yan_prison heaven_bag treasure pool weight,15,weight,probability,frozen_v1,洞天设计,"",pool object weight,integer,炎狱法宝池权重
dungeon.yan_prison.treasure_pool_weight.zhu_que_feather,dungeon,yan_prison zhu_que_feather treasure pool weight,20,weight,probability,frozen_v1,洞天设计,"",pool object weight,integer,炎狱法宝池权重
dungeon.yan_prison.treasure_pool_weight.xuan_gui_shell,dungeon,yan_prison xuan_gui_shell treasure pool weight,15,weight,probability,frozen_v1,洞天设计,"",pool object weight,integer,炎狱法宝池权重
dungeon.yan_prison.treasure_pool_weight.tai_xu_mirror,dungeon,yan_prison tai_xu_mirror treasure pool weight,10,weight,probability,frozen_v1,洞天设计,"",pool object weight,integer,炎狱法宝池权重
dungeon.sky_abyss.treasure_pool_weight.qing_lian_lamp,dungeon,sky_abyss qing_lian_lamp treasure pool weight,15,weight,probability,frozen_v1,洞天设计,"",pool object weight,integer,天渊法宝池权重
dungeon.sky_abyss.treasure_pool_weight.shan_he_seal,dungeon,sky_abyss shan_he_seal treasure pool weight,15,weight,probability,frozen_v1,洞天设计,"",pool object weight,integer,天渊法宝池权重
dungeon.sky_abyss.treasure_pool_weight.heaven_bag,dungeon,sky_abyss heaven_bag treasure pool weight,15,weight,probability,frozen_v1,洞天设计,"",pool object weight,integer,天渊法宝池权重
dungeon.sky_abyss.treasure_pool_weight.zhu_que_feather,dungeon,sky_abyss zhu_que_feather treasure pool weight,20,weight,probability,frozen_v1,洞天设计,"",pool object weight,integer,天渊法宝池权重
dungeon.sky_abyss.treasure_pool_weight.xuan_gui_shell,dungeon,sky_abyss xuan_gui_shell treasure pool weight,20,weight,probability,frozen_v1,洞天设计,"",pool object weight,integer,天渊法宝池权重
dungeon.sky_abyss.treasure_pool_weight.tai_xu_mirror,dungeon,sky_abyss tai_xu_mirror treasure pool weight,15,weight,probability,frozen_v1,洞天设计,"",pool object weight,integer,天渊法宝池权重
growth.treasure.overflow_collection_token_per_copy,growth,Overflow treasure collection token per copy,1,token,scalar,frozen_v1,洞天设计,"",after max stars,integer,满星重复法宝收藏印记
growth.treasure.collection_token_exchange_cost,growth,Treasure collection exchange cost,10,token,cost,frozen_v1,洞天设计,"",ten tokens exchange one unowned treasure,integer,收藏印记兑换
growth.realm.nascent_soul.target_xp,growth,nascent_soul target XP,1000000,cultivation_xp,target,frozen_v1,洞天设计,"","","",V1参数
growth.realm.nascent_soul.target_hours,growth,nascent_soul target hours,720,hours,target,frozen_v1,洞天设计,"","","",V1参数
growth.realm.divine_transformation.target_xp,growth,divine_transformation target XP,3000000,cultivation_xp,target,frozen_v1,洞天设计,"","","",V1参数
growth.realm.divine_transformation.target_hours,growth,divine_transformation target hours,2160,hours,target,frozen_v1,洞天设计,"","","",V1参数
growth.realm.void_refining.target_xp,growth,void_refining target XP,9000000,cultivation_xp,target,frozen_v1,洞天设计,"","","",V1参数
growth.realm.void_refining.target_hours,growth,void_refining target hours,6480,hours,target,frozen_v1,洞天设计,"","","",V1参数
growth.realm.body_unity.target_xp,growth,body_unity target XP,27000000,cultivation_xp,target,frozen_v1,洞天设计,"","","",V1参数
growth.realm.body_unity.target_hours,growth,body_unity target hours,19440,hours,target,frozen_v1,洞天设计,"","","",V1参数
growth.realm.great_vehicle.target_xp,growth,great_vehicle target XP,81000000,cultivation_xp,target,frozen_v1,洞天设计,"","","",V1参数
growth.realm.great_vehicle.target_hours,growth,great_vehicle target hours,58320,hours,target,frozen_v1,洞天设计,"","","",V1参数
growth.realm.tribulation.target_xp,growth,tribulation target XP,243000000,cultivation_xp,target,frozen_v1,洞天设计,"","","",V1参数
growth.realm.tribulation.target_hours,growth,tribulation target hours,174960,hours,target,frozen_v1,洞天设计,"","","",V1参数
growth.realm.ascension.trigger,growth,Ascension trigger,after_tribulation,event,constant,frozen_v1,洞天设计,"","","",V1参数
economy.inventory.cap.demon_core,economy,demon_core inventory cap,100,demon_core,scalar,frozen_v1,洞天设计,"","","",V1参数
economy.inventory.cap.millennium_herb,economy,millennium_herb inventory cap,100,millennium_herb,scalar,frozen_v1,洞天设计,"","","",V1参数
economy.inventory.cap.meteor_iron,economy,meteor_iron inventory cap,100,meteor_iron,scalar,frozen_v1,洞天设计,"","","",V1参数
economy.inventory.cap.spirit_stone,economy,spirit_stone inventory cap,25000,spirit_stone,scalar,frozen_v1,洞天设计,"","","",V1参数
economy.inventory.cap.spirit_wood,economy,spirit_wood inventory cap,10000,spirit_wood,scalar,frozen_v1,洞天设计,"","","",V1参数
economy.inventory.cap.spirit_ore,economy,spirit_ore inventory cap,10000,spirit_ore,scalar,frozen_v1,洞天设计,"","","",V1参数
economy.inventory.cap.spirit_herb,economy,spirit_herb inventory cap,10000,spirit_herb,scalar,frozen_v1,洞天设计,"","","",V1参数
economy.inventory.cap.pill,economy,pill inventory cap,2000,pill,scalar,frozen_v1,洞天设计,"","","",V1参数
economy.inventory.cap.ancient_scroll,economy,ancient_scroll inventory cap,100,ancient_scroll,scalar,frozen_v1,洞天设计,"","","",V1参数
economy.inventory.cap.equipment,economy,equipment inventory cap,200,equipment,scalar,frozen_v1,洞天设计,"","","",V1参数
economy.inventory.cap_multiplier.qi,economy,qi inventory capacity multiplier,1,ratio,policy,frozen_v1,洞天设计,"",base_cap * multiplier,integer,进入该境界后的全资源容量倍率
economy.inventory.cap_multiplier.foundation,economy,foundation inventory capacity multiplier,1,ratio,policy,frozen_v1,洞天设计,"",base_cap * multiplier,integer,进入该境界后的全资源容量倍率
economy.inventory.cap_multiplier.core,economy,core inventory capacity multiplier,1,ratio,policy,frozen_v1,洞天设计,"",base_cap * multiplier,integer,进入该境界后的全资源容量倍率
economy.inventory.cap_multiplier.nascent_soul,economy,nascent_soul inventory capacity multiplier,4,ratio,policy,frozen_v1,洞天设计,"",base_cap * multiplier,integer,进入该境界后的全资源容量倍率
economy.inventory.cap_multiplier.divine_transformation,economy,divine_transformation inventory capacity multiplier,16,ratio,policy,frozen_v1,洞天设计,"",base_cap * multiplier,integer,进入该境界后的全资源容量倍率
economy.inventory.cap_multiplier.void_refining,economy,void_refining inventory capacity multiplier,64,ratio,policy,frozen_v1,洞天设计,"",base_cap * multiplier,integer,进入该境界后的全资源容量倍率
economy.inventory.cap_multiplier.body_unity,economy,body_unity inventory capacity multiplier,256,ratio,policy,frozen_v1,洞天设计,"",base_cap * multiplier,integer,进入该境界后的全资源容量倍率
economy.inventory.cap_multiplier.great_vehicle,economy,great_vehicle inventory capacity multiplier,1024,ratio,policy,frozen_v1,洞天设计,"",base_cap * multiplier,integer,进入该境界后的全资源容量倍率
economy.inventory.cap_multiplier.tribulation,economy,tribulation inventory capacity multiplier,4096,ratio,policy,frozen_v1,洞天设计,"",base_cap * multiplier,integer,进入该境界后的全资源容量倍率
economy.inventory.overflow_return_ratio,economy,Inventory overflow return ratio,0,ratio,scalar,frozen_v1,洞天设计,"","","",V1参数
economy.inventory.transition_capacity_unlock,economy,Transition capacity unlock,1,boolean,policy,frozen_v1,洞天设计,"",unlock target realm cap when high-tier expedition starts,fixed,高阶远征准备阶段提前启用目标境界容量
economy.value.spirit_stone,economy,spirit_stone value points,1,value_points,scalar,frozen_v1,洞天设计,"","","",V1参数
economy.value.spirit_wood,economy,spirit_wood value points,2,value_points,scalar,frozen_v1,洞天设计,"","","",V1参数
economy.value.spirit_ore,economy,spirit_ore value points,2,value_points,scalar,frozen_v1,洞天设计,"","","",V1参数
economy.value.spirit_herb,economy,spirit_herb value points,2,value_points,scalar,frozen_v1,洞天设计,"","","",V1参数
economy.value.pill,economy,pill value points,10,value_points,scalar,frozen_v1,洞天设计,"","","",V1参数
economy.value.ancient_scroll,economy,ancient_scroll value points,1000,value_points,scalar,frozen_v1,洞天设计,"","","",V1参数
economy.value.demon_core,economy,demon_core value points,200,value_points,scalar,frozen_v1,洞天设计,"","","",V1参数
economy.value.millennium_herb,economy,millennium_herb value points,100,value_points,scalar,frozen_v1,洞天设计,"","","",V1参数
economy.value.meteor_iron,economy,meteor_iron value points,150,value_points,scalar,frozen_v1,洞天设计,"","","",V1参数
dungeon.qing_feng.target_clear_time,dungeon,qing_feng clear time,600,seconds,target,frozen_v1,洞天设计,"","","",V1参数
dungeon.qing_feng.pill_cost,dungeon,qing_feng pill cost,2,pill,cost,frozen_v1,洞天设计,"","","",V1参数
dungeon.qing_feng.demon_core_per_clear,dungeon,qing_feng demon core reward,1,demon_core,scalar,frozen_v1,洞天设计,"","","",V1参数
dungeon.qing_feng.millennium_herb_chance,dungeon,qing_feng millennium_herb_chance,20,percent,probability,frozen_v1,洞天设计,"","","",V1参数
dungeon.qing_feng.meteor_iron_chance,dungeon,qing_feng meteor_iron_chance,10,percent,probability,frozen_v1,洞天设计,"","","",V1参数
dungeon.qing_feng.technique_drop_chance,dungeon,qing_feng technique_drop_chance,5,percent,probability,frozen_v1,洞天设计,"","","",V1参数
dungeon.qing_feng.treasure_drop_chance,dungeon,qing_feng treasure_drop_chance,1,percent,probability,frozen_v1,洞天设计,"","","",V1参数
dungeon.qing_feng.boss_phase_two_threshold,dungeon,qing_feng boss phase threshold,50,percent,scalar,frozen_v1,洞天设计,"","","",V1参数
dungeon.yan_prison.target_clear_time,dungeon,yan_prison clear time,1200,seconds,target,frozen_v1,洞天设计,"","","",V1参数
dungeon.yan_prison.pill_cost,dungeon,yan_prison pill cost,5,pill,cost,frozen_v1,洞天设计,"","","",V1参数
dungeon.yan_prison.demon_core_per_clear,dungeon,yan_prison demon core reward,2,demon_core,scalar,frozen_v1,洞天设计,"","","",V1参数
dungeon.yan_prison.millennium_herb_chance,dungeon,yan_prison millennium_herb_chance,35,percent,probability,frozen_v1,洞天设计,"","","",V1参数
dungeon.yan_prison.meteor_iron_chance,dungeon,yan_prison meteor_iron_chance,20,percent,probability,frozen_v1,洞天设计,"","","",V1参数
dungeon.yan_prison.technique_drop_chance,dungeon,yan_prison technique_drop_chance,10,percent,probability,frozen_v1,洞天设计,"","","",V1参数
dungeon.yan_prison.treasure_drop_chance,dungeon,yan_prison treasure_drop_chance,3,percent,probability,frozen_v1,洞天设计,"","","",V1参数
dungeon.yan_prison.boss_phase_two_threshold,dungeon,yan_prison boss phase threshold,50,percent,scalar,frozen_v1,洞天设计,"","","",V1参数
dungeon.sky_abyss.target_clear_time,dungeon,sky_abyss clear time,2400,seconds,target,frozen_v1,洞天设计,"","","",V1参数
dungeon.sky_abyss.pill_cost,dungeon,sky_abyss pill cost,10,pill,cost,frozen_v1,洞天设计,"","","",V1参数
dungeon.sky_abyss.demon_core_per_clear,dungeon,sky_abyss demon core reward,4,demon_core,scalar,frozen_v1,洞天设计,"","","",V1参数
dungeon.sky_abyss.millennium_herb_chance,dungeon,sky_abyss millennium_herb_chance,50,percent,probability,frozen_v1,洞天设计,"","","",V1参数
dungeon.sky_abyss.meteor_iron_chance,dungeon,sky_abyss meteor_iron_chance,35,percent,probability,frozen_v1,洞天设计,"","","",V1参数
dungeon.sky_abyss.technique_drop_chance,dungeon,sky_abyss technique_drop_chance,20,percent,probability,frozen_v1,洞天设计,"","","",V1参数
dungeon.sky_abyss.treasure_drop_chance,dungeon,sky_abyss treasure_drop_chance,8,percent,probability,frozen_v1,洞天设计,"","","",V1参数
dungeon.sky_abyss.boss_phase_two_threshold,dungeon,sky_abyss boss phase threshold,50,percent,scalar,frozen_v1,洞天设计,"","","",V1参数
dungeon.qing_feng.boss_base_hp,dungeon,qing_feng boss base hp,4132,health,target,frozen_v1,洞天设计,"","","",V1参数
dungeon.yan_prison.boss_base_hp,dungeon,yan_prison boss base hp,8242,health,target,frozen_v1,洞天设计,"","","",V1参数
dungeon.sky_abyss.boss_base_hp,dungeon,sky_abyss boss base hp,16463,health,target,frozen_v1,洞天设计,"","","",V1参数
dungeon.sky_abyss.minimum_alchemy_room_level,dungeon,Sky Abyss sustainable alchemy room level,3,level,policy,frozen_v1,洞天设计,"",minimum rate >= total pill demand,integer,无乾坤袋生产加成时的天渊可持续等级
dungeon.qing_feng.boss_attack,dungeon,qing_feng Boss attack,60,attack,scalar,frozen_v1,洞天设计,"",boss attack rating,integer,Boss 输出模型
dungeon.qing_feng.boss_accuracy,dungeon,qing_feng Boss accuracy,110,accuracy,scalar,frozen_v1,洞天设计,"",boss accuracy rating,integer,Boss 输出模型
dungeon.qing_feng.boss_element,dungeon,qing_feng Boss element,wood,element,constant,frozen_v1,洞天设计,"",fixed element,"",Boss 五行属性
dungeon.qing_feng.boss_defence,dungeon,qing_feng Boss defence,100,defence,scalar,frozen_v1,洞天设计,"",independent Boss defence,integer,Boss 独立防御
dungeon.qing_feng.boss_auto_pill_per_clear,dungeon,qing_feng Boss auto pill per clear,2,pill,derived,frozen_v1,洞天设计,"",逐秒受击模拟,integer,基础玩家档 Boss 自动丹药
dungeon.yan_prison.boss_attack,dungeon,yan_prison Boss attack,120,attack,scalar,frozen_v1,洞天设计,"",boss attack rating,integer,Boss 输出模型
dungeon.yan_prison.boss_accuracy,dungeon,yan_prison Boss accuracy,130,accuracy,scalar,frozen_v1,洞天设计,"",boss accuracy rating,integer,Boss 输出模型
dungeon.yan_prison.boss_element,dungeon,yan_prison Boss element,fire,element,constant,frozen_v1,洞天设计,"",fixed element,"",Boss 五行属性
dungeon.yan_prison.boss_defence,dungeon,yan_prison Boss defence,180,defence,scalar,frozen_v1,洞天设计,"",independent Boss defence,integer,Boss 独立防御
dungeon.yan_prison.boss_auto_pill_per_clear,dungeon,yan_prison Boss auto pill per clear,18,pill,derived,frozen_v1,洞天设计,"",逐秒受击模拟,integer,基础玩家档 Boss 自动丹药
dungeon.sky_abyss.boss_attack,dungeon,sky_abyss Boss attack,240,attack,scalar,frozen_v1,洞天设计,"",boss attack rating,integer,Boss 输出模型
dungeon.sky_abyss.boss_accuracy,dungeon,sky_abyss Boss accuracy,150,accuracy,scalar,frozen_v1,洞天设计,"",boss accuracy rating,integer,Boss 输出模型
dungeon.sky_abyss.boss_element,dungeon,sky_abyss Boss element,water,element,constant,frozen_v1,洞天设计,"",fixed element,"",Boss 五行属性
dungeon.sky_abyss.boss_defence,dungeon,sky_abyss Boss defence,300,defence,scalar,frozen_v1,洞天设计,"",independent Boss defence,integer,Boss 独立防御
dungeon.sky_abyss.boss_auto_pill_per_clear,dungeon,sky_abyss Boss auto pill per clear,84,pill,derived,frozen_v1,洞天设计,"",逐秒受击模拟,integer,基础玩家档 Boss 自动丹药
combat.player.status_resistance_percent,combat,Player status resistance,20,percent,policy,frozen_v1,洞天设计,"",reduces incoming status duration,percent,玩家状态抗性
combat.boss.status.control_resistance_percent,combat,Boss control resistance,25,percent,policy,frozen_v1,洞天设计,"",reduces incoming control duration,percent,Boss 控制抗性
combat.boss.status.damage_over_time_resistance_percent,combat,Boss damage-over-time resistance,30,percent,policy,frozen_v1,洞天设计,"",reduces incoming damage-over-time effects,percent,Boss 持续伤害抗性
dungeon.qing_feng.boss_skill.spirit_burn_damage_per_second,dungeon,qing_feng spirit burn damage per second,1,health_per_second,scalar,frozen_v1,洞天设计,"",phase two uses boss damage multiplier,integer,Boss 特殊技能灵灼
dungeon.qing_feng.boss_skill.spirit_burn_duration,dungeon,qing_feng spirit burn duration,20,seconds,scalar,frozen_v1,洞天设计,"",reduced by player status resistance,integer,Boss 特殊技能持续时间
dungeon.qing_feng.boss_skill.spirit_burn_interval,dungeon,qing_feng spirit burn interval,120,seconds,scalar,frozen_v1,洞天设计,"",fixed cast interval,integer,Boss 特殊技能施放间隔
dungeon.yan_prison.boss_skill.spirit_burn_damage_per_second,dungeon,yan_prison spirit burn damage per second,2,health_per_second,scalar,frozen_v1,洞天设计,"",phase two uses boss damage multiplier,integer,Boss 特殊技能灵灼
dungeon.yan_prison.boss_skill.spirit_burn_duration,dungeon,yan_prison spirit burn duration,20,seconds,scalar,frozen_v1,洞天设计,"",reduced by player status resistance,integer,Boss 特殊技能持续时间
dungeon.yan_prison.boss_skill.spirit_burn_interval,dungeon,yan_prison spirit burn interval,120,seconds,scalar,frozen_v1,洞天设计,"",fixed cast interval,integer,Boss 特殊技能施放间隔
dungeon.sky_abyss.boss_skill.spirit_burn_damage_per_second,dungeon,sky_abyss spirit burn damage per second,4,health_per_second,scalar,frozen_v1,洞天设计,"",phase two uses boss damage multiplier,integer,Boss 特殊技能灵灼
dungeon.sky_abyss.boss_skill.spirit_burn_duration,dungeon,sky_abyss spirit burn duration,20,seconds,scalar,frozen_v1,洞天设计,"",reduced by player status resistance,integer,Boss 特殊技能持续时间
dungeon.sky_abyss.boss_skill.spirit_burn_interval,dungeon,sky_abyss spirit burn interval,120,seconds,scalar,frozen_v1,洞天设计,"",fixed cast interval,integer,Boss 特殊技能施放间隔
dungeon.pity.millennium_herb_clears,dungeon,Millennium herb pity clears,10,clears,policy,frozen_v1,洞天设计,"",guarantee by Nth clear,integer,秘境千年灵药保底
dungeon.pity.meteor_iron_clears,dungeon,Meteor iron pity clears,10,clears,policy,frozen_v1,洞天设计,"",guarantee by Nth clear,integer,秘境天外陨铁保底
dungeon.pity.technique_clears,dungeon,Technique pity clears,20,clears,policy,frozen_v1,洞天设计,"",guarantee by Nth clear,integer,秘境功法保底
dungeon.pity.treasure_clears,dungeon,Treasure pity clears,50,clears,policy,frozen_v1,洞天设计,"",guarantee by Nth clear,integer,秘境法宝保底
offline.settlement.batch_interval,offline,Offline batch interval,60,seconds,scalar,frozen_v1,洞天设计,"","","",V1参数
offline.settlement.max_hours,offline,Offline maximum hours,24,hours,scalar,frozen_v1,洞天设计,"","","",V1参数
offline.settlement.resource_cap_hours,offline,Offline resource cap hours,24,hours,scalar,frozen_v1,洞天设计,"","","",V1参数
offline.settlement.remainder_carry,offline,Offline remainder carry,1,boolean,constant,frozen_v1,洞天设计,"","","",V1参数
offline.settlement.combat_stop_on_failure,offline,Stop combat on failure,1,boolean,constant,frozen_v1,洞天设计,"","","",V1参数
offline.settlement.resource_cap,offline,Offline resource cap,24,hours,scalar,frozen_v1,洞天设计,"",base activity rate * this many hours per settlement,integer,离线单次资源增量上限小时数
offline.transaction.idempotency_enabled,offline,Settlement idempotency,1,boolean,constant,frozen_v1,洞天设计,"","","",V1参数
offline.transaction.reject_clock_rollback,offline,Reject clock rollback,1,boolean,constant,frozen_v1,洞天设计,"","","",V1参数
offline.transaction.overlap_deduction,offline,Overlap deduction,1,boolean,constant,frozen_v1,洞天设计,"","","",V1参数
offline.transaction.persist_pity_counters,offline,Persist pity counters,1,boolean,constant,frozen_v1,洞天设计,"","","",V1参数
offline.transaction.persist_random_state,offline,Persist random state,1,boolean,constant,frozen_v1,洞天设计,"","","",V1参数
offline.transaction.compare_and_swap_revision,offline,Compare and swap revision,1,boolean,constant,frozen_v1,洞天设计,"","","",V1参数
offline.transaction.reject_stale_revision,offline,Reject stale state revision,1,boolean,constant,frozen_v1,洞天设计,"","","",V1参数
map.bai_cao_valley.ancient_scroll_effective_per_hour,map,Bai Cao scroll effective rate,1.5219558743,ancient_scroll_per_hour,derived,frozen_v1,洞天设计,"","","",V1参数
map.black_wind_valley.ancient_scroll_effective_per_hour,map,Black Wind scroll effective rate,0.7698317418,ancient_scroll_per_hour,derived,frozen_v1,洞天设计,"","","",V1参数
map.red_flame_cave.ancient_scroll_effective_per_hour,map,Red Flame scroll effective rate,0.4724669903,ancient_scroll_per_hour,derived,frozen_v1,洞天设计,"","","",V1参数
map.bai_cao_valley.enemy_damage_per_second,map,bai_cao_valley incoming DPS,1,health_per_second,derived,frozen_v1,洞天设计,"","","",V1参数
map.bai_cao_valley.pill_per_fight,map,bai_cao_valley pill per fight,0,pill_per_fight,derived,frozen_v1,洞天设计,"","","",V1参数
map.bai_cao_valley.pill_per_hour,map,bai_cao_valley pill per hour,0,pill_per_hour,derived,frozen_v1,洞天设计,"","","",V1参数
map.black_wind_valley.enemy_damage_per_second,map,black_wind_valley incoming DPS,2.5,health_per_second,derived,frozen_v1,洞天设计,"","","",V1参数
map.black_wind_valley.pill_per_fight,map,black_wind_valley pill per fight,0,pill_per_fight,derived,frozen_v1,洞天设计,"","","",V1参数
map.black_wind_valley.pill_per_hour,map,black_wind_valley pill per hour,0,pill_per_hour,derived,frozen_v1,洞天设计,"","","",V1参数
map.red_flame_cave.enemy_damage_per_second,map,red_flame_cave incoming DPS,5.8333333333,health_per_second,derived,frozen_v1,洞天设计,"","","",V1参数
map.red_flame_cave.pill_per_fight,map,red_flame_cave pill per fight,4,pill_per_fight,derived,frozen_v1,洞天设计,"","","",V1参数
map.red_flame_cave.pill_per_hour,map,red_flame_cave pill per hour,60,pill_per_hour,derived,frozen_v1,洞天设计,"","","",V1参数
map.bai_cao_valley.equipment_quality_expected_multiplier,map,bai_cao_valley expected quality multiplier,1.1325,ratio,derived,frozen_v1,洞天设计,"","","",V1参数
map.black_wind_valley.equipment_quality_expected_multiplier,map,black_wind_valley expected quality multiplier,1.3315,ratio,derived,frozen_v1,洞天设计,"","","",V1参数
map.red_flame_cave.equipment_quality_expected_multiplier,map,red_flame_cave expected quality multiplier,1.6625,ratio,derived,frozen_v1,洞天设计,"","","",V1参数
map.bai_cao_valley.ancient_scroll_expected_cycle_kills,map,bai_cao_valley scroll expected cycle,78.8459127019,kills,derived,frozen_v1,洞天设计,"","","",V1参数
map.black_wind_valley.ancient_scroll_expected_cycle_kills,map,black_wind_valley scroll expected cycle,51.9594059687,kills,derived,frozen_v1,洞天设计,"","","",V1参数
map.red_flame_cave.ancient_scroll_expected_cycle_kills,map,red_flame_cave scroll expected cycle,31.7482497358,kills,derived,frozen_v1,洞天设计,"","","",V1参数
map.bai_cao_valley.value_points_per_hour,map,Bai Cao value points/hour,3964,value_points_per_hour,derived,frozen_v1,洞天设计,"","","",V1参数
map.black_wind_valley.value_points_per_hour,map,Black Wind value points/hour,3283,value_points_per_hour,derived,frozen_v1,洞天设计,"","","",V1参数
map.red_flame_cave.value_points_per_hour,map,Red Flame value points/hour,2444,value_points_per_hour,derived,frozen_v1,洞天设计,"","","",V1参数
map.bai_cao_valley.growth_profile.earth100_lamp10_enemy_effective_hp,map,bai_cao_valley growth-profile enemy effective hp,703,health,target,frozen_v1,洞天设计,"",round(growth_profile_dps * target_kill_time),integer,地阶功法100层+青莲灯10星
map.black_wind_valley.growth_profile.earth100_lamp10_enemy_effective_hp,map,black_wind_valley growth-profile enemy effective hp,1613,health,target,frozen_v1,洞天设计,"",round(growth_profile_dps * target_kill_time),integer,地阶功法100层+青莲灯10星
map.red_flame_cave.growth_profile.earth100_lamp10_enemy_effective_hp,map,red_flame_cave growth-profile enemy effective hp,3324,health,target,frozen_v1,洞天设计,"",round(growth_profile_dps * target_kill_time),integer,地阶功法100层+青莲灯10星
dungeon.qing_feng.boss_base_hp.growth_profile.earth100_lamp10,dungeon,qing_feng growth-profile boss base hp,11191,health,target,frozen_v1,洞天设计,"",floor(growth_profile_dps * active_attack_seconds / (1 + barrier)),integer,地阶功法100层+青莲灯10星; target=600s
dungeon.yan_prison.boss_base_hp.growth_profile.earth100_lamp10,dungeon,yan_prison growth-profile boss base hp,22324,health,target,frozen_v1,洞天设计,"",floor(growth_profile_dps * active_attack_seconds / (1 + barrier)),integer,地阶功法100层+青莲灯10星; target=1200s
dungeon.sky_abyss.boss_base_hp.growth_profile.earth100_lamp10,dungeon,sky_abyss growth-profile boss base hp,44589,health,target,frozen_v1,洞天设计,"",floor(growth_profile_dps * active_attack_seconds / (1 + barrier)),integer,地阶功法100层+青莲灯10星; target=2400s
dungeon.qing_feng.boss_base_hp.growth_profile.earth100_lamp10_immortal_affix,dungeon,qing_feng full-affix growth-profile Boss base hp,55367,health,target,frozen_v1,洞天设计,"",floor(stress_dps * active_attack_seconds / (1 + barrier)),integer,地阶功法100层+山河印10星+满套功能词条; independent_defence=100
dungeon.yan_prison.boss_base_hp.growth_profile.earth100_lamp10_immortal_affix,dungeon,yan_prison full-affix growth-profile Boss base hp,50489,health,target,frozen_v1,洞天设计,"",floor(stress_dps * active_attack_seconds / (1 + barrier)),integer,地阶功法100层+山河印10星+满套功能词条; independent_defence=180
dungeon.sky_abyss.boss_base_hp.growth_profile.earth100_lamp10_immortal_affix,dungeon,sky_abyss full-affix growth-profile Boss base hp,88239,health,target,frozen_v1,洞天设计,"",floor(stress_dps * active_attack_seconds / (1 + barrier)),integer,地阶功法100层+山河印10星+满套功能词条; independent_defence=300
